genericName,brandName,dosageForm,strength,classification
Titanium Dioxide,COOLA Rosilliance Mineral Tinted Face Moisturizer SPF 30 Fresh Rose,LOTION,5.6 g/100mL,General
Acetaminophen,Equate Pain Reliever Acetaminophen for Adults 250 mg,"BAR, CHEWABLE",250 mg/1,General
ALCOHOL,Latalia Hand Sanitizer 80 Alcohol Antiseptic,GEL,.8 mL/mL,General
"Butalbital, Acetaminophen, Caffeine, and Codeine Phosphate","Butalbital, Acetaminophen, Caffeine, and Codeine Phosphate",CAPSULE,300 mg/1,General
Oxymetazoline hydrochloride,nasal,SPRAY,.05 g/100mL,General
tirzepatide,Zepbound,"INJECTION, SOLUTION",12.5 mg/.5mL,General
Mesalamine,Mesalamine,"TABLET, DELAYED RELEASE",1.2 g/1,General
Diazepam,Diazepam,TABLET,5 mg/1,General
Celecoxib,Celecoxib,CAPSULE,100 mg/1,General
Lisinopril,Lisinopril,TABLET,40 mg/1,General
Amitriptyline HCL,Amitriptyline HCL,"TABLET, FILM COATED",10 mg/1,General
azithromycin dihydrate,azithromycin dihydrate,TABLET,250 mg/1,General
Loperamide HCl,ANTI-DIARRHEAL,TABLET,2 mg/1,General
ALCOHOL,B-Pure Hand Sanitizer Cherry Scented,LIQUID,70 mL/100mL,General
Levothyroxine Sodium,Levothyroxine sodium,TABLET,25 ug/1,General
Estradiol,Estradiol,TABLET,1 mg/1,General
nicotine polacrilex,BLIP,LOZENGE,2 mg/1,General
divalproex sodium,divalproex sodium,"TABLET, DELAYED RELEASE",250 mg/1,General
ZINC OXIDE 22.75%,SPF50 SHEER GLOW BALM ESPRESSO MARTINI 9g,LIPSTICK,22.75 g/100g,General
"Alumina, Calcarea Silicata, Magnesia Sulphurica, Silicea, Sulphur, Titanium Metallicum, Zincum Metallicum",Mineffect skin protectant,SPRAY,7 [hp_X]/118mL,General
"Berber Aqui, Beta Vulg, Boldo, Carduus Mar, Chelidonium Maj, Hordeum Vulgare, Iris Vers, Rosmarinus, Taraxacum, Avena, Eleutherococcus Senticosus, Xanthoxylum, Equisetum Hyem, Hypericum, Ulmus Fulv, Gettysburg Aqua, Glycyrrhiza, Wildbad Aqua, Carlsbad Aqua, ATP, Hydrogen, Nat Mur, Oxygen, Silicea, Wiesbaden Aqua",Hydrate II,LIQUID,30 [hp_C]/mL,General
Metoprolol succinate,Metoprolol succinate,"TABLET, FILM COATED, EXTENDED RELEASE",50 mg/1,General
Capsaicin 0.03%,Capsaicin 0.03% Patch,PATCH,.03 g/100g,General
Isopropyl Alcohol,Ear Drops for Swimmers,LIQUID,950 mg/mL,General
"Zinc Oxide, Titanium Dioxide",The Mineral Melt SPF30,LOTION,23 mg/mL,General
dexamethasone,Hemady,TABLET,20 mg/1,General
levothyroxine sodium,Levothyroxine Sodium,CAPSULE,125 ug/1,General
Magnesia Carbonica,Bestmade Natural Products Mag Carb,"TABLET, SOLUBLE",30 [hp_C]/30[hp_C],General
Amlodipine besylate,Amlodipine Besylate,TABLET,2.5 mg/1,General
"Echinacea (Angustifolia), Phytolacca Decandra, Thuja Occidentalis, Arsenicum Iodatum, Curcuma Longa, Spleen (Bovine), Thymus (Ovine), Conium Maculatum, Lymph Node (Suis), Scrophularia Nodosa, Silicea, Asterias Rubens, Hydrastis Canadensis, Bufo Rana",Lymph Liquescence,LIQUID,6 [hp_X]/mL,General
paroxetine,BRISDELLE,CAPSULE,7.5 mg/1,General
Thiamine Hydrochloride,Thiamine Hydrochloride,"INJECTION, SOLUTION",100 mg/mL,General
"aluminum hydroxide, magnesium hydroxide, simethicone",QCH Regular Strength Antacid 509,LIQUID,400 mg/10mL,General
ORLASKIN HYDRATING SUNSCREEN,ORLASKIN HYDRATING SUNSCREEN,SPRAY,3 g/100mL,General
Desensitizing Lubricant,STA-HARD,CREAM,5 g/100mL,General
Benzalkonium Chloride,NOxyDERM,LIQUID,.13 g/100mL,General
ZINC OXIDE,Dolce and Gabbana Blueberry Nutri Tint SPF 20 7N Light,EMULSION,67 mg/mL,General
Colloidal Oatmeal,First Aid Beauty FAB Ultra Repair Skin Protectant Birthday Hydration,CREAM,.5 g/100g,General
Antiperspirant Stick,Suave Invisible Solid Antiperspirant Deodorant Coconut Kiss,STICK,18.2 g/100g,General
Guaifenesin and Pseudoephedrine HCL,Guaifenesin and Pseudoephedrine HCl,"TABLET, EXTENDED RELEASE",600 mg/1,General
Acetaminophen and Diphenhydramine HCl,Pain Relief Acetaminophen PM Extra Strength,"TABLET, FILM COATED",500 mg/1,General
"SULFUR, SALICYLIC ACID",Sulfur 8 Scalp Therapy Medicated Dandruff Control Scalp Butter Cream,OINTMENT,30 mg/g,General
LAMOTRIGINE,LAMOTRIGINE,TABLET,150 mg/1,General
Efinaconazole,Efinaconazole,POWDER,1 kg/kg,General
norethindrone acetate/ethinyl estradiol,norethindrone acetate/ethinyl estradiol,KIT,N/A,General
DEXTROMETHORPHAN HYDROBROMIDE,DEXTROMETHORPHAN HYDROBROMIDE,CAPSULE,15 mg/1,General
Latanoprost,Latanoprost,OIL,1 g/g,General
brimonidine tartrate,brimonidine tartrate,SOLUTION/ DROPS,.25 mg/mL,General
Montelukast sodium,Montelukast sodium,GRANULE,1 kg/kg,General
Leflunomide,Leflunomide,POWDER,1 kg/kg,General
BENZALKONIUM CHLORIDE,FoamFresh E-2 Sanitizer Cleanser,LIQUID,1.3 mg/mL,General
Oxymetholone,Oxymetholone,POWDER,35 kg/35kg,General
Tolnaftate,Tinactin,"AEROSOL, SPRAY",10 mg/g,General
CX-038839 OMICRON (XBB.1.5),CX-038839 OMICRON (XBB.1.5),"INJECTION, SUSPENSION",50 ug/.5mL,General
SLU-PP-332,SLU-PP-332,POWDER,100 g/100g,General
GLIPIZIDE,GLIPIZIDE,POWDER,1 g/g,General
"OCTINOXATE,OCTISALATE,ZINC OXIDE",FUTURIST SKIN TINT SERUM,CREAM,67 mg/mL,General
Guaifenesin,Mucus Relief Extended-Release,TABLET,600 mg/1,General
"Acetaminophen, Dextromethorphan HBr, Doxylamine succinate",Vicks DayQuil and Vicks NyQuil ELDERBERRY COLD and FLU,KIT,N/A,General
ANTIPERSPIRANT DEODORANT ROLL-ON,ZERMAT PORTO ANTIPERSPIRANT DEODORANT ROLL-ON FOR MEN,CREAM,7.1 g/71g,General
"Avobenzone, Homosalate, Octisalate, Octocrylene",Sunny Defense SPF Stick,STICK,.4875 g/19.5g,General
Zinc Oxide,AXIS-Y Complete No-Stress Physical Sunscreen V.3,CREAM,17 g/50mL,General
Promethazine Hydrochloride,Promethazine Hydrochloride,INJECTION,25 mg/mL,General
Salicylic acid,Wart Remover Pads,PATCH,.4 g/1,General
Carboxymethylcellulose sodium,EYE DROPS,LIQUID,.25 g/100mL,General
TITANIUM DIOXIDE,EELHOE Matte Sun Stick,CREAM,.0036 mg/18mg,General
"HOMOSALATE, OCTOCRYLENE, OCTISALATE, AVOBENZONE",Poolside Golden Hour SPF 15 Sunscreen Lip,OIL,30 mg/mL,General
Salicylic acid 1% WART REMOVER,DERMFREE WART REMOVER,PATCH,1 g/1001,General
Minoxidil,NALIOPI 5% minoxidil with biotin topical solution,LIQUID,.002 g/mL,General
"Tolnaftate,Clotrimazole",Tagrid Antifungal Kit,KIT,N/A,General
Zinc Oxide,Tinted Mineral Sunscreen,CREAM,200 mg/g,General
Amoxicillin and Clavulanate Potassium,Amoxicillin and Clavulanate Potassium,"POWDER, FOR SUSPENSION",400 mg/5mL,General
UREA,UREVEX,CREAM,200 mg/g,General
Perphenazine,Perphenazine,"TABLET, FILM COATED",16 mg/1,General
Isopropyl Alcohol,Stone Hand Sanitizer,SPRAY,72 mL/100mL,General
"Belladonna, Calendula, Echinacea, Hydrastis, Mullein oil, Viola odorata",BM Natural Mullein Ear,SOLUTION/ DROPS,10 [hp_X]/mL,General
Tattoo care cream,Tattoo care,CREAM,6 g/100g,General
Promethazine Hydrochloride,Promethazine Hydrochloride,TABLET,25 mg/1,General
"Homosalate 7.5%, Octisalate 5.00%, Avobenzone 3.00%",Hampton Sun SPF50 Mineral Face Sunscreen,STICK,14.69 g/100g,General
Dimethicone,BEVERLY HILLS MD HYDRARESCUE TREATMENT,CREAM,3 g/100g,General
"Titanium Dioxide, Zinc Oxide",ANTI-AGING NON-TINTED SUNSCREEN,CREAM,80 mg/g,General
Sodium Chloride,SALINE CLEANING,SOLUTION,9 g/1000mL,General
Titanium Dioxide,bareMinerals BAREPRO Performance Wear Liquid Foundation Broad Spectrum SPF 20 Maple 24.5,LIQUID,33.2 mg/mL,General
lithium carbonate,lithium carbonate,POWDER,1 kg/kg,General
icosapent ethyl,icosapent ethyl,CAPSULE,1000 mg/1,General
telotristat ethyl,telotristat ethyl,TABLET,250 mg/1,General
acetaminophen,acetaminophen,POWDER,1 kg/kg,General
Tetracycline Hydrochloride,Tetracycline Hydrochloride,CAPSULE,250 mg/1,General
Ivermectin,Ivermectin,POWDER,1 kg/kg,General
Calcium Carbonate,Calcium Carbonate,POWDER,.9 kg/kg,General
CARVEDILOL PHOSPHATE,CARVEDILOL PHOSPHATE,POWDER,15 kg/15kg,General
Cromolyn Sodium,Cromolyn Sodium,POWDER,1 kg/kg,General
Abaloparatide,Abaloparatide,POWDER,1 g/g,General
Cocarboxylase tetrahydrate,Cocarboxylase tetrahydrate,POWDER,5 kg/5kg,General
Prucalopride Succinate,Prucalopride Succinate,POWDER,75 kg/75kg,General
Tretinoin,Tretinoin,POWDER,1 kg/kg,General
furosemide,Furosemide,TABLET,40 mg/1,General
Dienogest,Dienogest,POWDER,1 kg/kg,General
NYSTATIN,Nystatin,SUSPENSION,100000 [USP'U]/mL,General
Butalbital,Butalbital,POWDER,1 g/g,General
Chlamydia Trachomatis,Chlamydia Trachomatis,LIQUID,10 [hp_M]/mL,General
Helicobacter Pylori,Helicobacter Pylori,LIQUID,1 [hp_M]/mL,General
Desmopressin,Desmopressin,POWDER,20 g/20g,General
Methazolamide,Methazolamide,POWDER,15 kg/15kg,General
Phentolamine Mesylate,Phentolamine Mesylate,POWDER,1 kg/kg,General
ESTRADIOL,ESTRADIOL,POWDER,1 kg/kg,General
AMINOLEVULINIC ACID,AMINOLEVULINIC ACID,POWDER,50 kg/50kg,General
Pitolisant hydrochloride,Pitolisant hydrochloride,"TABLET, FILM COATED",4.45 mg/1,General
Doravirine SDI,Doravirine SDI,POWDER,1 kg/kg,General
Acetaminophen,Acetaminophen,POWDER,1 kg/kg,General
Triamcinolone Acetonide,Triamcinolone Acetonide,POWDER,1 g/g,General
RIVAROXABAN,RIVAROXABAN,POWDER,1 kg/kg,General
Suvorexant,Suvorexant,POWDER,1 kg/kg,General
Pyrantel Pamoate,Pyrantel Pamoate,GRANULE,720.5 mg/.0015kg,General
Vacation Arizona Lip Balm,Vacation Arizona Lip Balm,STICK,.03 g/g,General
Flecainide Acetate,Flecainide Acetate,POWDER,1 kg/kg,General
Diltiazem Hydrochloride,Diltiazem Hydrochloride,"CAPSULE, EXTENDED RELEASE",300 mg/1,General
BETAMETHASONE DIPROPIONATE,BETAMETHASONE DIPROPIONATE,POWDER,1 g/g,General
SODIUM SALICYLATE,SODIUM SALICYLATE,POWDER,1 kg/kg,General
Selumetinib Sulfate,Selumetinib Sulfate,POWDER,1 kg/kg,General
Dexlansoprazole Sesquihydrate,Dexlansoprazole Sesquihydrate,POWDER,1 kg/kg,General
Chlorpheniramine Maleate,Chlorpheniramine Maleate,POWDER,1 g/g,General
FUTIBATINIB,FUTIBATINIB,TABLET,4 mg/1,General
norethindrone acetate/ethinyl estradiol,norethindrone acetate/ethinyl estradiol,KIT,N/A,General
ERYTHROPOIETIN,ERYTHROPOIETIN,SOLUTION,40000 [iU]/mL,General
Potassium Bromide,Potassium Bromide,CRYSTAL,5 kg/5kg,General
Phenytoin,Dilantin Infatabs,"TABLET, CHEWABLE",50 mg/1,General
Aluminum Chlorohydrate,AVON Sweet Honesty Roll-On Anti-Perspirant Deodorant,STICK,145 mg/mL,General
Rasagiline Mesylate,Rasagiline Mesylate,POWDER,1 kg/kg,General
BRIMONIDINE TARTRATE,BRIMONIDINE TARTRATE,POWDER,1 kg/kg,General
TROPICAMIDE,TROPICAMIDE,POWDER,1 kg/kg,General
CANNABIDIOL,CANNABIDIOL,POWDER,1 kg/kg,General
Dydrogesterone,Dydrogesterone,POWDER,35 kg/35kg,General
Cyclophosphamide,Cyclophosphamide,POWDER,1 kg/kg,General
Lifitegrast,Lifitegrast,POWDER,1 kg/kg,General
Guaifenesin,Guaifenesin,"TABLET, EXTENDED RELEASE",600 mg/1,General
Metformin Hcl,Metformin Hcl,POWDER,500 mg/kg,General
"Acetaminophen, Guaifenesin, and Phenylephrine hydrochloride","Acetaminophen, Guaifenesin, and Phenylephrine hydrochloride","TABLET, FILM COATED",325 mg/1,General
"ACTIVATED CHARCOAL, SODIUM PHOSPHATE, DIBASIC, HEPTAHYDRATE, and STRYCHNOS NUX-VOMICA SEED","ACTIVATED CHARCOAL, SODIUM PHOSPHATE, DIBASIC, HEPTAHYDRATE, and STRYCHNOS NUX-VOMICA SEED",TABLET,30 [hp_C]/1,General
clopidogrel bisulfate,clopidogrel bisulfate,"TABLET, FILM COATED",75 mg/1,General
OMEGA-3-ACID ETHYL ESTERS,OMEGA-3-ACID ETHYL ESTERS,OIL,1 kg/kg,General
Dupilumab,Dupilumab,"INJECTION, SOLUTION",175 mg/mL,General
Anastrozole,Anastrozole,POWDER,1 kg/1,General
Deutetrabenazine,Deutetrabenazine,POWDER,1 kg/kg,General
Long R3 IGF-1,Long R3 IGF-1,POWDER,10 mg/10mg,General
rozanolixizumab,rozanolixizumab,LIQUID,1 kg/kg,General
Amlodipine Besylate,Amlodipine Besylate,POWDER,1 kg/kg,General
GRANISETRON BASE,GRANISETRON BASE,POWDER,1 kg/kg,General
MOLYBDENUM MO-99,MOLYBDENUM MO-99,SOLUTION,17.4 GBq/mL,General
leuprolide acetate,Lupron Depot,KIT,N/A,General
pantoprazole sodium,pantoprazole sodium,POWDER,1 kg/kg,General
ALUMINUM ZIRCONIUM TETRACHLOROHYDREX GLY,Ban Invisible Solid Antiperspirant Deodorant Powder Fresh,STICK,13.87 g/73g,General
Sulfamethoxazole,Sulfamethoxazole,POWDER,1 kg/kg,General
Fluconazole,Fluconazole,TABLET,100 mg/1,General
Alprazolam,Alprazolam,"TABLET, EXTENDED RELEASE",3 mg/1,General
Zolmitriptan,Zolmitriptan,POWDER,50 kg/50kg,General
Iron Sucrose,Iron Sucrose,POWDER,1 kg/kg,General
Valganciclovir Hydrocholoride,Valganciclovir Hydrocholoride,POWDER,1 kg/kg,General
selumetinib,selumetinib,CAPSULE,10 mg/1,General
Loratadine 10 mg,Loratadine 10 mg,TABLET,10 mg/1,General
Losartan Potassium,Losartan Potassium,POWDER,1 kg/kg,General
BACLOFEN,BACLOFEN,POWDER,1 g/g,General
Water for Injection,Water for Injection,INJECTION,.7 mL/mL,General
Alnus serrulata,Hazel Alder Pollen,SOLUTION,.1 g/mL,General
Artemisia tridentata,Common Sagebrush,SOLUTION,.1 g/mL,General
Ligustrum vulgare,Privet Pollen,SOLUTION,.001 g/mL,General
Pinus taeda,Loblolly Pine Pollen,SOLUTION,.05 g/mL,General
"Ambrosia acanthicarpa, Ambrosia psilostachya",Western Ragweed Mix,SOLUTION,.0166666 g/mL,General
Aluminum Sesquichlorohydrate,esika total sec NEUTRAL FRAGRANCE Antiperspirant and deodorant Unisex Roll-on All day extra effective protection,EMULSION,15 g/100mL,General
CACTUS GRANDIFLORUS,CACTUS GRANDIFLORUS,PELLET,3 [hp_X]/1,General
Diphenhydramine HCl,Pharbedryl,CAPSULE,25 mg/1,General
"OCTINOXATE, TITANIUM DIOXIDE",NARS PURE RADIANT TINTED MOISTURIZER Cuzco,CREAM,4.044 g/50mL,General
Amoxicillin and Clavulanate Potassium,Amoxicillin and Clavulanate Potassium,"TABLET, FILM COATED",875 mg/1,General
Icosapent ethyl,ICOSAPENT ETHYL,CAPSULE,1 g/1,General
spironolactone,Spironolactone,"TABLET, FILM COATED",100 mg/1,General
apis mellifera - berberis vulgaris root bark - chelidonium majus - chondrodendron tomentosum root - equisetum hyemale whole - fucus vesiculosus - galium aparine whole - hamamelis virginiana root bark - lycopodium clavatum spore - myosotis arvensis - podophyllum peltatum root - rancid beef - sodium sulfate - solidago virgaurea flowering top - strychnos nux vomica seed - thuja occidentalis leafy twig -,GUNA DEEP CLEANSE,SOLUTION/ DROPS,12 [hp_X]/30mL,General
Atomoxetine,Atomoxetine,CAPSULE,25 mg/1,General
entecavir,BARACLUDE,"TABLET, FILM COATED",.5 mg/1,General
Atorvastatin Calcium,Atorvastatin Calcium,"TABLET, FILM COATED",40 mg/1,General
Dermatophagoides farinae and Dermatophagoides pteronyssinus,Standardized Mite Mix Dermatophagoides farinae and Dermatophagoides pteronyssinus,CONCENTRATE,5000 [AU]/mL,General
Pramipexole dihydrochloride,Pramipexole dihydrochloride,TABLET,.125 mg/1,General
Cholestyramine,Cholestyramine,"POWDER, FOR SUSPENSION",4 g/5.7g,General
Benzalkonium Chloride Liquid,Softsoap Antibacterial with Moisturizers White Tea and Berry LHS,LIQUID,1.33 mg/mL,General
FENOFIBRATE,Fenofibrate,CAPSULE,134 mg/1,General
lomustine,Gleostine,"CAPSULE, GELATIN COATED",100 mg/1,General
glyburide-metformin hydrochloride,glyburide-metformin hydrochloride,TABLET,2.5 mg/1,General
oxycodone hydrochloride,Roxicodone,TABLET,15 mg/1,General
"Camphor, Menthol",MYCO Clinic Pain Relief,STICK,11 g/100g,General
azithromycin monohydrate,Azithromycin,"INJECTION, POWDER, LYOPHILIZED, FOR SOLUTION",500 mg/5mL,General
BENZALKONIUM CHLORIDE,X3 Clean,"AEROSOL, FOAM",1.3 mg/mL,General
Pregabalin,Pregabalin,CAPSULE,75 mg/1,General
Guanfacine,Guanfacine,"TABLET, EXTENDED RELEASE",4 mg/1,General
Magnesium hydroxide,Milk of Magnesia,SUSPENSION,1200 mg/15mL,General
lamivudine,lamivudine,"TABLET, FILM COATED",100 mg/1,General
Cisatracurium Besylate,Cisatracurium Besylate,INJECTION,2 mg/mL,General
Famciclovir,Famciclovir,"TABLET, FILM COATED",125 mg/1,General
Kali Tartaricum,Kali Tartaricum,PELLET,12 [hp_C]/1,General
Aluminium Bromatum,Aluminium Bromatum,PELLET,10 [hp_M]/1,General
Mancinella Venenata,Mancinella Venenata,PELLET,6 [hp_C]/1,General
Divalproex Sodium,Divalproex Sodium,PELLET,1 [hp_M]/1,General
Zirconium Fluoratum,Zirconium Fluoratum,PELLET,1 [hp_M]/1,General
THEOPHYLLINE,THEOPHYLLINE,SOLUTION,80 mg/15mL,General
"Avobenzone, Homosalate, Octisalate, Octocrylene, Oxybenzone",TopCare Everyday Sport Continuous Broad Spectrum SPF 70,SPRAY,30 mg/g,General
SODIUM CITRATE and CITRIC ACID MONOHYDRATE,Sodium Citrate and Citric Acid,SOLUTION,334 mg/5mL,General
POTASSIUM CHLORIDE,Potassium Chloride,SOLUTION,20 meq/15mL,General
Copaiva Officinalis,Copaiva Officinalis,PELLET,500 [hp_C]/1,General
Graphites,Graphites,PELLET,500 [hp_C]/1,General
Cobaltum Carbonicum,Cobaltum Carbonicum,PELLET,1 [hp_M]/1,General
Selenium Metallicum,Selenium Metallicum,PELLET,100 [hp_C]/1,General
Kali Carbonicum,Kali Carbonicum,PELLET,10 [hp_M]/1,General
Iris Versicolor,Iris Versicolor,PELLET,500 [hp_C]/1,General
Rheum Officinale,Rheum Officinale,PELLET,500 [hp_C]/1,General
Crocus Sativus,Crocus Sativus,PELLET,100 [hp_C]/1,General
Xanthoxylum Fraxineum,Xanthoxylum Fraxineum,PELLET,100 [hp_C]/1,General
nintedanib,Nintedanib,CAPSULE,150 mg/1,General
"Avobenzone, Octisalate, Octocrylene",ZO Skin Health Gel Sunscreen Broad-Spectrum SPF 50,GEL,1.35 g/45g,General
Hydroxyzine Hydrochloride,Hydroxyzine Hydrochloride,"TABLET, FILM COATED",50 mg/1,General
Tranexamic Acid,Tranexamic Acid,INJECTION,100 mg/mL,General
Sport Lotion Mineral Sunscreen SPF 30,365 Everyday Value,LOTION,8.25 g/44mL,General
Niobium Oxydatum,Niobium Oxydatum,PELLET,500 [hp_C]/1,General
Pulsatilla Nigricans,Pulsatilla Nigricans,PELLET,200 [hp_C]/1,General
"AVOBENZONE, HOMOSALATE, OCTISALATE, OCTOCRYLENE",HEB SPF 50 Cucumber Water Scented Continuous Sunscreen,SPRAY,30 mg/g,General
Acetaminophen,Pain Relief 8 HR,"TABLET, FILM COATED, EXTENDED RELEASE",650 mg/1,General
Alcohol,Dehydrated Alcohol,"INJECTION, SOLUTION",1 mL/mL,General
Docosanol,Docosanol,CREAM,100 mg/g,General
STOOL SOFTENER-STIMULANT LAXATIVE,STOOL SOFTENER-STIMULANT LAXATIVE,"TABLET, COATED",50 mg/1,General
Doxycycline,Doxycycline,"INJECTION, POWDER, FOR SOLUTION",100 mg/1,General
Daptomycin,Daptomycin,"INJECTION, POWDER, LYOPHILIZED, FOR SOLUTION",350 mg/7mL,General
Bivalirudin,Bivalirudin,"INJECTION, SOLUTION",250 mg/1,General
ropinirole hydrochloride,ROPINIROLE HYDROCHLORIDE,"TABLET, FILM COATED, EXTENDED RELEASE",2 mg/1,General
Adenosine,Tissen NF 10,LIQUID,.012 g/30mL,General
"glycerin, naphazoline HCl",GNP Eye Drops Redness and Dry Eye Relief,SOLUTION,.25 g/100mL,General
Pramipexole Dihydrochloride,Pramipexole Dihydrochloride,TABLET,.5 mg/1,General
"Avena Sativa, Chlorophytum Borivilianum, Nuphar Luteum, Hypothalamus Suis, Orchitinum (Suis), Damiana, Selenium Metallicum, Staphysagria, Thuja Occidentalis",Body Balance,SPRAY,3 [hp_X]/mL,General
Ketoconazole,Ketoconazole,"SHAMPOO, SUSPENSION",20 mg/mL,General
nicardipine hydrochloride,CARDENE IV,"INJECTION, SOLUTION",.2 mg/mL,General
voriconazole,voriconazole,"TABLET, FILM COATED",200 mg/1,General
"OCTINOXATE, TITANIUM DIOXIDE, and HOMOSALATE",Sulwhasoo Perfecting Cushion NO.21N1 Beige,LOTION,1.05 g/15g,General
Losartan potassium,Losartan Potassium,"TABLET, FILM COATED",50 mg/1,General
CHLORPROMAZINE HCI,CHLORPROMAZINE HCI,INJECTION,25 mg/mL,General
Aripiprazole orally disintegrating,Aripiprazole,TABLET,15 mg/1,General
"Calendula Officinalis, Kali Phosphoricum, Natrum Muriaticum, Arnica Montana, Agave Americana, Cistus Canadensis, Kreosotum, Myrrha, Calcarea Fluorica, Aconitum Napellus, Bismuthum Subnitricum, Sepia, Hepar Sulphuris Calcareum, Mercurius Vivus",Gum Therapy,LIQUID,12 [hp_X]/mL,General
"Antipyrinum, Apis Mellifica, Calendula Officinalis, Cantharis, Copaiva Officinalis, Croton Tiglium, Graphites, Histaminum Hydrochloricum, Ledum Palustre, Mezereum, Natrum Muriaticum, Petroleum, Rhus Venenata, Staphysagria, Sulphur, Urtica Urens",Itch Formula,LIQUID,18 [hp_X]/mL,General
"Lonicera Caprifolium, Flos",Bio Honeysuckle,LIQUID,6 [hp_X]/mL,General
somatropin,Serostim,KIT,N/A,General
Serotonin (Hydrochloride),Serotonin Phenolic,LIQUID,4 [hp_X]/mL,General
Minocycline Hydrochloride,Minocycline Hydrochloride,CAPSULE,100 mg/1,General
Clindamycin Hydrochloride,Clindamycin Hydrochloride,CAPSULE,300 mg/1,General
Clobetasol Propionate,Clobetasol Propionate,CREAM,.5 mg/g,General
"Tetanus Toxoid, Reduced Diphtheria Toxoid and Acellular Pertussis Vaccine, Adsorbed",BOOSTRIX,SUSPENSION,8 ug/.5mL,General
LIDOCAINE,LIDOCAINE,OINTMENT,50 mg/g,General
ACONITUM NAPELLUS,Aconitum napellus,PELLET,30 [hp_C]/30[hp_C],General
AETHUSA CYNAPIUM,Aethusa cynapium,PELLET,200 [kp_C]/200[kp_C],General
Ibuprofen,Medi-First Ibuprofen,"TABLET, FILM COATED",200 mg/1,General
loratadine,Loratadine,TABLET,10 mg/1,General
Olibanum Belladonna comp.,Olibanum Belladonna comp.,LIQUID,10 [hp_X]/mL,General
DOCUSATE SODIUM,Stool Softener Extra Strength,"CAPSULE, LIQUID FILLED",250 mg/1,General
Avobenzone Homosalate Octisalate Octocrylene,Equate-Sunscreen Broad Spectrum SPF 50 ULTRA,SPRAY,30 mg/g,General
Meclizine HCl,Motion-Time Chewable,"TABLET, CHEWABLE",25 mg/251,General
Saccharomyces cerevisiae,Saccharomyces cerevisiae,LIQUID,.1 g/mL,General
"OCTISALATE, TITANIUM DIOXIDE",PARURE GOLD SKIN MATTE FOUNDATION NO-TRANSFER HIGH PERFECTION 24H CARE AND WEAR INFUSED WITH 24K GOLD AND WHITE PEONY WITH SUNSCREEN BROADSPECTRUM SPF 15 4N,EMULSION,35 mg/mL,General
Pyrithione zinc,CeraVe 2 in 1 Anti-Dandruff Hydrating Conditioner,SHAMPOO,10 mg/mL,General
Diethylpropion Hydrochloride,Diethylpropion Hydrochloride ER,"TABLET, EXTENDED RELEASE",75 mg/1,General
midodrine hydrochloride,Midodrine Hydrochloride,TABLET,5 mg/1,General
"Acetaminophen, Chlorpheniramine Maleate, Dextromethorphan Hydrobromide, and Phenylephrine Hydrochloride",Cold Multi-Symptom Daytime and Nighttime,KIT,N/A,General
Benzalkonium Chloride,Ben E. Keith FIHS,SOLUTION,1.3 mg/mL,General
desipramine hydrochloride,DESIPRAMINE HYDROCHLORIDE,TABLET,25 mg/1,General
Atenolol,Atenolol,TABLET,100 mg/1,General
Promethazine Hydrochloride,Promethazine Hydrochloride,TABLET,12.5 mg/1,General
Spironolactone,Spironolactone,"TABLET, COATED",50 mg/1,General
Simvastatin,Simvastatin,"TABLET, FILM COATED",10 mg/1,General
"dextromethorphan hydrobromide, guaifenesin",COUGH AND CHEST CONGESTION,SOLUTION,20 mg/20mL,General
Acetaminophen,Good Sense Pain Relief,TABLET,500 mg/1,General
DABIGATRAN ETEXILATE,DABIGATRAN,CAPSULE,150 mg/1,General
Ibuprofen,Ibuprofen,"TABLET, FILM COATED",400 mg/1,General
MATRICARIA CHAMOMILLA,Chamomilla,PELLET,10 [hp_M]/10[hp_M],General
QUININE SULFATE,Chininum sulphuricum,PELLET,12 [hp_C]/12[hp_C],General
Irbesartan,Irbesartan,TABLET,300 mg/1,General
CINCHONA OFFICINALIS BARK,Cinchona officinalis,PELLET,200 [kp_C]/200[kp_C],General
COBALT,Cobaltum metallicum,PELLET,30 [hp_C]/30[hp_C],General
"Acetaminophen, Dextromethorphan Hydrobromide liquid",Cough and Sore Throat,LIQUID,650 mg/20mL,General
Propafenone Hydrochloride,Propafenone Hydrochloride,"TABLET, COATED",300 mg/1,General
IVABRADINE,IVABRADINE,"TABLET, FILM COATED",7.5 mg/1,General
Pitavastatin Calcium,Pitavastatin,TABLET,4 mg/1,General
Simethicone,Gas relief,"TABLET, CHEWABLE",80 mg/1,General
BENZETHONIUM CHLORIDE,finipil pro/elec,CREAM,195 mg/100mL,General
CELECOXIB,CELECOXIB,CAPSULE,100 mg/1,General
CHLORTHALIDONE,CHLORTHALIDONE,TABLET,25 mg/1,General
VALSARTAN,VALSARTAN,"TABLET, FILM COATED",80 mg/1,General
Epinephrine,Epinephrine Convenience Kit,KIT,N/A,General
Clindamycin Phosphate,Clindamycin Phosphate,GEL,10 mg/g,General
Memantine hydrochloride,Memantine hydrochloride,"TABLET, FILM COATED",10 mg/1,General
risperidone,UZEDY,"INJECTION, SUSPENSION, EXTENDED RELEASE",100 mg/.28mL,General
Everolimus,Everolimus,"TABLET, FOR SUSPENSION",5 mg/1,General
"polyethylene glycol 3350, sodium sulfate, potassium chloride, magnesium sulfate, and sodium chloride for oral solution",SUFLAVE,KIT,N/A,General
minoxidil,MINOXIDIL,TABLET,10 mg/1,General
LACHESIS MUTA VENOM,Lachesis mutus,PELLET,30 [hp_X]/30[hp_X],General
LEDUM PALUSTRE TWIG,Ledum palustre,PELLET,6 [hp_X]/1,General
LYCOPODIUM CLAVATUM SPORE,Lycopodium clavatum,PELLET,6 [hp_C]/6[hp_C],General
Benzalkonium Chloride,Dial Antibacterial Hydrating Chamomile,SOLUTION,.13 g/100mL,General
LIDOCAINE HYDROCHLORIDE,BeardedMoney,CREAM,4 g/100g,General
alcohol,Smart Care Hand Sanitizer Vanilla Heaven,SPRAY,70 mL/100mL,General
Levetiracetam,Levetiracetam,TABLET,1000 mg/1,General
Bupivacaine Hydrochloride,Bupivacaine Hydrochloride,"INJECTION, SOLUTION",7.5 mg/mL,General
DACTINOMYCIN,DACTINOMYCIN,"INJECTION, POWDER, LYOPHILIZED, FOR SOLUTION",.5 mg/mL,General
Metoclopramide,Metoclopramide,TABLET,5 mg/1,General
Benzocaine,Alpha-Caine Topical Anesthetic,GEL,200 mg/g,General
"tetrahydrozoline hydrochloride, zinc sulfate",Medics Choice Eye Drops Seasonal Relief,SOLUTION/ DROPS,.5 mg/mL,General
"Camphor, Menthol, Methyl Salicylate",Sinsin Mulpas,LIQUID,4.5 mg/mL,General
"bacitracin zinc, neomycin sulfate, polymyxin B sulfate, and pramoxine hydrochloride",Triple Antibiotic Plus Pain Relief,OINTMENT,500 [USP'U]/g,General
"Xerophyllum asphodeloides, Aconitum nap., Anacardium orientale, Apis mel., Bryonia, Cantharis, Croton, Graphites, Grindelia, Mezereum, Nux vom., Ranunc. bulb., Rhus toxicodendron, Sarsaparilla, Sulphur, Echinacea, Rumex crisp.,Taraxacum, Urtica ur.",Poison Ivy,PELLET,15 [hp_X]/g,General
"Acetaminophen, Dextromethorphan HBr, Doxylamine succinate, Phenylephrine HCL",ANTIGRIP Nighttime,"POWDER, FOR SOLUTION",325 mg/1,General
Chloroxylenol 0.3%,Ultra,LIQUID,3 mg/mL,General
Fluticasone propionate,allergy relief nasal,"SPRAY, METERED",50 ug/1,General
Mirtazapine,Mirtazapine,"TABLET, FILM COATED",15 mg/1,General
Benzalkonium Chloride,XtraCare Foaming Hand Sanitizer,GEL,3 g/207g,General
"octinoxate, octisalate",Foundation Primer Plus SPF 15 MERLE NORMAN,CREAM,2.63 g/35g,General
"Mustard, Hornbeam, Olive",Bach Emotional Ups and Downs Mental Energy Kit,KIT,N/A,General
Prussian blue insoluble capsules,Radiogardase,CAPSULE,500 mg/1,General
"Chimaphila umbellata, Clematis recta flowering top, Populus tremula whole, Anemone pratensis, Saw palmetto, Chondrodendron tomentosum root, Sulfur, Conium maculatum flowering top, and Ferric picrate",D-25,SOLUTION/ DROPS,3 [hp_X]/mL,General
"VISCUM ALBUM WHOLE, CALCIUM FLUORIDE, and ANDROCTONUS AUSTRALIS WHOLE",AM-4,SOLUTION,12 [hp_X]/mL,General
OCTINOXATE and TITANIUM DIOXIDE,SHISEIDO SYNCHRO SKIN SELF-REFRESHING FOUNDATION 530 HENNA,EMULSION,1.69 g/30mL,General
TARAXACUM OFFICINALE,TARAXACUM OFFICINALE,PELLET,200 [kp_C]/200[kp_C],General
BENZALKONIUM CHLORIDE,Babyganics Alcohol-Free Hand Sanitizer Wipes Mandarin,CLOTH,13 mg/100mg,General
SULFUR IODIDE,Sulphur iodatum,PELLET,15 [hp_C]/15[hp_C],General
Acetaminophen,Aurophen Regular Strength,TABLET,325 mg/1,General
brexpiprazole,Rexulti,TABLET,3 mg/1,General
Colchicine,MITIGARE,CAPSULE,.6 mg/1,General
Nebivolol,Nebivolol,TABLET,5 mg/1,General
Esomeprazole Magnesium,Esomeprazole Magnesium,"CAPSULE, DELAYED RELEASE",40 mg/1,General
Naproxen Sodium,Naproxen Sodium,"CAPSULE, LIQUID FILLED",220 mg/1,General
hydrocortisone,Hydrocortisone,TABLET,20 mg/1,General
Cetirizine HCl,allergy relief childrens,SOLUTION,5 mg/5mL,General
Famotidine,Famotidine,"POWDER, FOR SUSPENSION",40 mg/5mL,General
Doxazosin,Doxazosin,TABLET,2 mg/1,General
Pazopanib,Pazopanib,TABLET,200 mg/1,General
Tolterodine,Tolterodine Tartrate,"CAPSULE, EXTENDED RELEASE",4 mg/1,General
Colestipol Hydrochloride,Colestipol Hydrochloride,"TABLET, FILM COATED",1 g/1,General
Hydroxyzine Hydrochloride,Hydroxyzine Hydrochloride,"TABLET, FILM COATED",10 mg/1,General
CHLOROXYLENOL,Simple Hygiene Antibacterial Hand,"AEROSOL, FOAM",5 mg/mL,General
Miconazole Nitrate,Miconazole 7,CREAM,20 mg/g,General
"Octinoxate, Titanium Dioixide, Octisalate",No7 Perfect and Perfect Intense Advanced All in One Foundation SPF 50 Latte,CREAM,1.95 g/30g,General
OXYCODONE HYDROCHLORIDE,OXYCODONE HYDROCHLORIDE,TABLET,15 mg/1,General
VINCRISTINE SULFATE,VinCRIStine Sulfate,"INJECTION, SOLUTION",1 mg/mL,General
"OCTISALATE, TITANIUM DIOXIDE",FOREVER Transfer-proof - 24h foundation High perfection Concentrated floral skincare with sunscreen Broad spectrum SPF 15 4WO,EMULSION,35 mg/mL,General
Levetiracetam,Levetiracetam,INJECTION,5 mg/mL,General
Alcohol,DD Mart Hand Sanitizer,LIQUID,70 mL/100mL,General
Nortriptyline Hydrochloride,Nortriptyline Hydrochloride,CAPSULE,25 mg/1,General
Valacyclovir Hydrochloride,Valacyclovir Hydrochloride,"TABLET, FILM COATED",1 g/1,General
"DEXTROSE, SODIUM CHLORIDE, and POTASSIUM CHLORIDE",Potassium Chloride in Dextrose and Sodium Chloride,INJECTION,5 g/100mL,General
Sodium Chloride,Sodium Chloride,INJECTION,9 mg/mL,General
Clindamycin Hydrochloride,Clindamycin Hydrochloride,CAPSULE,150 mg/1,General
ZINC OXIDE,Badger SPF 30 Daily Sunscreen,CREAM,18.75 g/100mL,General
Aripiprazole,Aripiprazole,TABLET,5 mg/1,General
"Timolol Maleate Ophthalmic Gel Forming Solution, 0.5%","Timolol Maleate Ophthalmic Gel Forming Solution, 0.5%",SOLUTION/ DROPS,5 mg/mL,General
Hydrocortisone,Cortenema,ENEMA,100 mg/60mL,General
Alcohol,Anti Bacterial Hand Gel Pink Pineapple Sunrise,GEL,71 mL/100mL,General
Alcohol,Anti Bacterial Hand Gel Marshmallow Pumpkin Latte,GEL,71 mL/100mL,General
"Aspirin, Acetaminophen, Caffeine",BC MAX,POWDER,500 mg/1,General
Urinary Tract Drops,Urinary Tract Drops 2122,LIQUID,6 [hp_X]/59mL,General
METFORMIN HYDROCHLORIDE,METFORMIN HYDROCHLORIDE,"TABLET, EXTENDED RELEASE",500 mg/1,General
Spongia tosta,Spongia tosta 7136,LIQUID,6 [hp_X]/29.5mL,General
MENTHOL,NATURAL HONEY HERB COUGH SUPPRESSANT THROAT DROPS,LOZENGE,2 mg/1,General
"Acetaminophen, Dextromethorphan Hydrobromide, Phenylephrine Hydrochloride",Daytime Cold and Flu Non Drowsy,LIQUID,325 mg/15mL,General
"Arnica montana, Anamirta cocculus, Potassium phosphate, Gelsemium sempervirens, Strychnos nux vomica, Silver nitrate",JetZone Jet Lag Prevention,"TABLET, CHEWABLE",12 [hp_C]/1,General
Pyrithione zinc,Dry Scalp,SHAMPOO,10 mg/mL,General
Doxycycline,Doxycycline,CAPSULE,50 mg/1,General
COLISTIMETHATE SODIUM,Colistimethate,"INJECTION, POWDER, LYOPHILIZED, FOR SOLUTION",150 mg/2mL,General
Azacitidine,Azacitidine,"INJECTION, POWDER, LYOPHILIZED, FOR SOLUTION",100 mg/30mL,General
Bendamustine Hydrochloride,TREANDA,"INJECTION, POWDER, LYOPHILIZED, FOR SOLUTION",25 mg/5mL,General
Aralia Racemosa,Aralia Racemosa,PELLET,1 [hp_M]/1,General
Aurum Muriaticum,Aurum Muriaticum,PELLET,100 [hp_C]/1,General
Cactus Grandiflorus,Cactus Grandiflorus,PELLET,30 [hp_C]/1,General
Aethusa cynapium,Aethusa cynapium,PELLET,200 [hp_C]/1,General
furosemide,Furosemide,TABLET,20 mg/1,General
"ACETAMINOPHEN, DEXTROMETHORPHAN HYDROBROMIDE, DOXYLAMINE SUCCINATE, and PHENYLEPHRINE HYDROCHLORIDE",Alka-Seltzer Plus Night Severe Cold and Flu,"POWDER, FOR SOLUTION",650 mg/1,General
Aspirin,Bayer Aspirin Regimen Chewable Low Dose Aspirin Orange,"TABLET, CHEWABLE",81 mg/1,General
PRAVASTATIN SODIUM,PRAVASTATIN SODIUM,TABLET,10 mg/1,General
NAPROXEN SODIUM,Aleve Back and Muscle Pain,TABLET,220 mg/1,General
Alprazolam,Alprazolam,"TABLET, EXTENDED RELEASE",1 mg/1,General
Saxagliptin,Saxagliptin,"TABLET, FILM COATED",2.5 mg/1,General
"Calcarea Fluorica, Calcarea Phosphorica, Silicea","Miranda Castros healing cell salts for bones, hair, nails and teeth Homeopathic Combination",PELLET,6 [hp_X]/1,General
"Leucine, Phenylalanine, Lysine, Methionine, Isoleucine, Valine, Histidine, Threonine, Tryptophan, Alanine, Glycine, Arginine, Proline, Serine, Tyrosine, Sodium Acetate, Dibasic Potassium Phosphate, Magnesium Chloride, Sodium Chloride, Calcium Chloride, Dextrose",CLINIMIX E,INJECTION,1035 mg/100mL,General
amlodipine and valsartan,Amlodipine and Valsartan,TABLET,5 mg/1,General
Weight Management Formula,Slenderiix,LIQUID,12 [hp_X]/mL,General
Pyrithione Zinc,Suave Professionals Men 2 in 1 Classic Clean AntiDandruff,SHAMPOO,1 g/100mL,General
Ultraclear Black plus White Driftwood Antiperspirant Deodorant,Degree,STICK,9.6 g/100g,General
Teens Blue Raspberry 48h Antiperspirant,Dove,STICK,15.2 g/100g,General
Carbinoxamine Maleate,Carbinoxamine Maleate,SOLUTION,4 mg/5mL,General
"Standardized Grass Pollen, Ryegrass","Standardized Grass Pollen, Ryegrass","INJECTION, SOLUTION",100000 [BAU]/mL,General
Salmon Salmo salar,"Food - Fish and Shellfish, Salmon Salmo salar","INJECTION, SOLUTION",.1 g/mL,General
linezolid,Linezolid,"INJECTION, SOLUTION",600 mg/300mL,General
Peppermint SPF 15 Broad Spectrum Lip Balm,Peppermint SPF 15 Broad Spectrum Lip Balm,STICK,.09 g/4.25g,General
Alprazolam,Alprazolam,"TABLET, EXTENDED RELEASE",.5 mg/1,General
"SODIUM CHLORIDE, SODIUM LACTATE, POTASSIUM CHLORIDE, CALCIUM CHLORIDE",LACTATED RINGERS,"INJECTION, SOLUTION",20 mg/100mL,General
"Benzocaine, Menthol, Zinc chloride",Giltuss Bucalsep,SPRAY,6.5 mg/100mL,General
"Phenylephrine, Witch Hazel",Hemorroidal Cooling gel,GEL,.25 g/100g,General
TRAMADOL HYDROCHLORIDE,TRAMADOL HYDROCHLORIDE,"TABLET, EXTENDED RELEASE",100 mg/1,General
doxycycline,doxycycline,CAPSULE,100 mg/1,General
Doxycycline Hyclate,Doxycycline Hyclate,CAPSULE,50 mg/1,General
Chorionic Gonadotropin,Chorionic Gonadotropin,KIT,N/A,General
"Sodium Chloride, Sodium Gluconate, Sodium Acetate, Potassium Chloride, Magnesium Chloride",Plasma-Lyte 148 (pH 7.4),"INJECTION, SOLUTION",30 mg/100mL,General
dexmethylphenidate hydrochloride,Focalin XR,"CAPSULE, EXTENDED RELEASE",25 mg/1,General
Benzalkonium Chloride,Zep FS Antimicrobial Foaming Hand Cleaner,LIQUID,.13 g/100mL,General
Olanzapine,Olanzapine,"TABLET, FILM COATED",2.5 mg/1,General
PREDNISONE,prednisone,TABLET,10 mg/1,General
BENZALKONIUM CHLORIDE,Winco Foods,SOAP,130 mg/100mL,General
Benzocaine,Safco Sensicaine Ultra Topical Anesthetic Gel,GEL,200 mg/g,General
Clotrimazole,Clotrimazole,CREAM,10 mg/g,General
Enalapril Maleate Oral Solution,Enalapril Maleate Oral Solution,SOLUTION,1 mg/mL,General
Baclofen,Baclofen,TABLET,10 mg/1,General
Quetiapine,Quetiapine,"TABLET, FILM COATED",150 mg/1,General
Fexofenadine hydrochloride,Fexofenadine hydrochloride,TABLET,180 mg/1,General
"Abies nig, Antimon crud, Arg nit, Arsenicum alb, Carbo veg, Cinchona, Lycopodium, Nat phos, Nux mosch, Nux vom, Podoph pelt, Robinia",Stomach Saver,TABLET,6 [hp_C]/1,General
Glyburide and Metformin Hydrochloride,Glyburide and Metformin Hydrochloride,"TABLET, FILM COATED",2.5 mg/1,General
"Brompheniramine maleate, Dextromethorphan HBr, Phenylephrine HCl",dimaphen dm,SOLUTION,2 mg/10mL,General
Cetirizine hydrochloride,Cetirizine Hydrochloride,SOLUTION,1 mg/mL,General
levonorgestrel,My Way,TABLET,1.5 mg/1,General
Amoxicillin,Amoxicillin,CAPSULE,250 mg/1,General
Oxaliplatin,Oxaliplatin,"INJECTION, SOLUTION",5 mg/mL,General
Methylprednisolone,Methylprednisolone,TABLET,4 mg/1,General
Propafenone Hydrochloride,Propafenone Hydrochloride,"CAPSULE, EXTENDED RELEASE",325 mg/1,General
vosoritide,VOXZOGO 0.56mg,KIT,N/A,General
Quinapril,Quinapril,TABLET,40 mg/1,General
Fexofenadine Hydrochloride,Fexofenadine Hydrochloride,"TABLET, FILM COATED",180 mg/1,General
Salicylic acid,Walgreens Medicated Corn Removers,PATCH,.54 mg/1,General
"Polymyxin B Sulfate, Neomycin Sulfate, Pramoxine Hydrochloride",Walgreens Multi-Antibiotic with Pain Relief Cream,CREAM,3.5 mg/g,General
"Homosalate, Octocrylene, Octisalate, and Avobenzone",PRISMA PROTECT SPF30,LOTION,3 g/100mL,General
Povidone-Iodine,McKesson PVP Prep Solution,LIQUID,1 mg/10mL,General
propafenone,Propafenone Hydrochloride,"CAPSULE, EXTENDED RELEASE",325 mg/1,General
"Octinoxate, Octisalate, Octocrylene",OrgaPlus Ultra Pure Sun EX 15g,STICK,1.05 g/15g,General
Guaifenesin and Pseudoephedrine Hydrochloride,Guaifenesin D,"TABLET, EXTENDED RELEASE",600 mg/1,General
tirzepatide,Mounjaro,"INJECTION, SOLUTION",25 mg/mL,General
Omeprazole,Omeprazole,"CAPSULE, DELAYED RELEASE",20 mg/1,General
"Homosalate, Octisalate, Zinc Oxide",Always Liquid Foundation Makeup Sunscreen Broad Spectrum SPF 15 - Cocoa,LIQUID,4.25 g/100mL,General
"AVOBENZONE, HOMOSALATE, OCTISALATE, OCTOCRYLENE",Sun Bum 50 Premium Moisturizing Sunscreen,LOTION,30 mg/mL,General
Phytonadione,Phytonadione,"INJECTION, EMULSION",10 mg/mL,General
ETRAVIRINE,ETRAVIRINE,TABLET,200 mg/1,General
Amitriptyline Hydrochloride,Amitriptyline Hydrochloride,"TABLET, COATED",25 mg/1,General
Acetaminophen and Phenylephrine HCl,Sinus Headache PEMaximum Strength Non-Drowsy Maximum Strength Non-Drowsy,TABLET,325 mg/1,General
Pregabalin,Pregabalin,CAPSULE,50 mg/1,General
Acetaminophen Dextromethorphan HBr Phenylephrine HCI DoxylamineSucinate,Daytime Nighttime Cold and Flu,KIT,N/A,General
Aluminum Zirconium Tetrachlorohydrex Gly,Secret Delicate Rose Invisible,STICK,15 g/100g,General
Sodium Fluoride,Crest 3D White Stain Eraser Fresh Mint,"PASTE, DENTIFRICE",1.5 mg/g,General
glycopyrrolate,glycopyrrolate,SOLUTION,1 mg/5mL,General
celecoxib,ELYXYB - celecoxib,LIQUID,120 mg/4.8mL,General
LEVETIRACETAM,LEVETIRACETAM,"TABLET, FILM COATED, EXTENDED RELEASE",500 mg/1,General
Folic Acid,Folic Acid,TABLET,1 mg/1,General
buprenorphine hydrochloride,buprenorphine hydrochloride,TABLET,8 mg/1,General
Pseudoephedrine Hydrochloride,nasal decongestant,"TABLET, EXTENDED RELEASE",120 mg/1,General
Zinc Oxide,IMPECCABLE SKIN - IVORY,CREAM,150 mg/g,General
atenolol,Atenolol,TABLET,50 mg/1,General
"Diphenhydramine HCl, Zinc Acetate",Itch Relief,SPRAY,20 mg/mL,General
camphor (synthetic),Leader Vapor Steam camphor (synthetic),LIQUID,.062 g/mL,General
Ethyl Alcohol,"Smart Care 3 HAND SANITIZERS 1.35 FL OZ (CARAMEL HONEY, VANILLA SHEA, PISTACHIO BRULEE)",KIT,N/A,General
"Adrenalinum, Allium Cepa, Arsenicum Iodatum, Cat (Dander), Dog (Dander), Euphrasia Officinalis, Histaminum Hydrochloricum, Sabadilla, Sheep Wool, Silicea",Animal Hair and Dander,LIQUID,6 [hp_X]/mL,General
Cetirizine hydrochloride,Cetirizine hydrochloride,"TABLET, COATED",10 mg/1,General
VALGANCICLOVIR,VALGANCICLOVIR HYDROCHLORIDE,FOR SOLUTION,50 mg/mL,General
FAMOTIDINE,FAMOTIDINE,"POWDER, FOR SUSPENSION",40 mg/5mL,General
OCTINOXATE,Note BB 300 Light Beige,CREAM,6 mg/mL,General
Ciprofloxacin Hydrochloride,Ciprofloxacin Hydrochloride,SOLUTION/ DROPS,3 mg/mL,General
Warfarin,Warfarin Sodium,TABLET,1 mg/1,General
cyclobenzaprine hydrochloride,CYCLOBENZAPRINE HYDROCHLORIDE,"TABLET, FILM COATED",10 mg/1,General
"citronellol, geraniol, linalool",Protecting may morning cushion 21 (refill),POWDER,.03018988 g/100g,General
Heparin Sodium,Heparin Sodium,INJECTION,5000 [USP'U]/mL,General
Buspirone Hydrochloride,Buspirone Hydrochloride,TABLET,5 mg/1,General
Cetirizine Hydrochloride,Cetirizine Hydrochloride,SOLUTION,1 mg/mL,General
Nitisinone,NITYR,TABLET,10 mg/1,General
ketorolac tromethamine,ketorolac tromethamine,"TABLET, FILM COATED",10 mg/1,General
GLYCOPYRROLATE,GLYCOPYRROLATE,TABLET,2 mg/1,General
Erythromycin,Erythromycin,"TABLET, FILM COATED",500 mg/1,General
eltrombopag,ELTROMBOPAG,TABLET,12.5 mg/1,General
Haloperidol,Haloperidol Lactate,"INJECTION, SOLUTION",5 mg/mL,General
diltiazem hydrochloride,TIADYLT ER,"CAPSULE, EXTENDED RELEASE",300 mg/1,General
Menthol 2%,TheraCare Pain Relieving Menthol Gel,GEL,2 g/mL,General
Promethazine Hydrochloride,Promethazine Hydrochloride,INJECTION,50 mg/mL,General
Ezetimibe,Ezetimibe,TABLET,10 mg/1,General
clonidine hydrochloride,clonidine hydrochloride,TABLET,.1 mg/1,General
lubiprostone,Lubiprostone,"CAPSULE, GELATIN COATED",8 ug/1,General
VENLAFAXINE HYDROCHLORIDE,VENLAFAXINE HYDROCHLORIDE,"CAPSULE, EXTENDED RELEASE",75 mg/1,General
Dexamethasone Sodium Phosphate,Dexamethasone Sodium Phosphate,"INJECTION, SOLUTION",4 mg/mL,General
onasemnogene abeparvovec-xioi,Zolgensma,KIT,N/A,General
ANAS BARBARIAE HEPATIS ET CORDIS,Kids Relief,LIQUID,200 [hp_C]/25mL,General
Valsartan and Hydrochlorothiazide,Valsartan and Hydrochlorothiazide,"TABLET, FILM COATED",25 mg/1,General
Ondansetron,Ondansetron,"TABLET, ORALLY DISINTEGRATING",4 mg/1,General
PREGABALIN,PREGABALIN,CAPSULE,225 mg/1,General
Rizatriptan Benzoate,Rizatriptan Benzoate,TABLET,5 mg/1,General
flecainide acetate,Flecainide Acetate,TABLET,100 mg/1,General
Amoxicillin and Clavulanate Potassium,AMOXICILLIN AND CLAVULANATE POTASSIUM,"TABLET, FILM COATED",500 mg/1,General
Terazosin,Terazosin,CAPSULE,2 mg/1,General
propranolol hydrochloride,propranolol hydrochloride,"CAPSULE, EXTENDED RELEASE",80 mg/1,General
lumasiran,OXLUMO,"INJECTION, SOLUTION",94.5 mg/.5mL,General
Lidocaine,AIPATCH NUMBING PAIN RELIEF,PATCH,40 mg/g,General
Doxazosin Mesylate,Doxazosin,TABLET,2 mg/1,General
Lorazepam,Lorazepam,TABLET,.5 mg/1,General
ALLANTOIN,Parma Anus Skin Premium Cleanser,GEL,3 mg/mL,General
Bismuth subsalicylate,Stomach Relief Ultra Strength,LIQUID,525 mg/15mL,General
Lidocaine,Curist Lidocaine Patch Maximum Strength,PATCH,4 g/100g,General
Purified Water,Plus Rinse Emergency Eyewash,LIQUID,99.1 mL/100mL,General
Atorvastatin calcium,Atorvastatin calcium,"TABLET, FILM COATED",40 mg/1,General
esomeprazole magnesium,esomeprazole magnesium,"CAPSULE, DELAYED RELEASE",20 mg/1,General
ESCITALOPRAM,Lexapro,"TABLET, FILM COATED",10 mg/1,General
Methylphenidate Hydrochloride,Methylphenidate Hydrochloride,"TABLET, CHEWABLE",10 mg/1,General
Tretinoin,Tretinoin,CREAM,.25 mg/g,General
Potassium Citrate,POTASSIUM CITRATE,"TABLET, EXTENDED RELEASE",5 meq/1,General
diltiazem hydrochloride,CARTIA XT,"CAPSULE, EXTENDED RELEASE",300 mg/1,General
"ESTERIFIED ESTROGENS, METHYLTESTOSTERONE",ESTERIFIED ESTROGENS AND METHYLTESTOSTERONE,TABLET,1.25 mg/1,General
Cetylpyridinium Chloride,twice. Oral Wellness Gum Shield,RINSE,.5 mg/mL,General
Lubiprostone,Lubiprostone,"CAPSULE, GELATIN COATED",24 ug/1,General
Losartan potassium,Losartan potassium,"TABLET, FILM COATED",50 mg/1,General
Ziprasidone Mesylate,Ziprasidone Mesylate,"INJECTION, POWDER, LYOPHILIZED, FOR SOLUTION",20 mg/mL,General
"acetaminophen, dextromethorphan Hbr, Phenylephrine HCl",Basic Care Daytime Cold and Flu,SOLUTION,325 mg/15mL,General
"homosalate, titanium dioxide, zinc oxide",Ageless Glow Serum BB Cream Sunscreen SPF 40 - Medium,CREAM,9.5 g/100mL,General
Benzalkonium Chloride 0.13%,SAN Skinlab Cloth Wet Wipes,CLOTH,.13 mg/100mL,General
Phenobarbital,Phenobarbital,TABLET,15 mg/1,General
"Aspirin, Caffeine",Blowfish,"TABLET, EFFERVESCENT",500 mg/1,General
TITANIUM DIOXIDE,Boscia All In One B.B. Eye Brightener Broad Spectrum SPF 20,CREAM,6.45 g/100g,General
Diclofenac sodium,Diclofenac Sodium,GEL,10 mg/g,General
Abacavir,Abacavir,TABLET,300 mg/1,General
gabapentin,GABAPENTIN,CAPSULE,100 mg/1,General
Nitrofurantoin,Nitrofurantoin,CAPSULE,25 mg/1,General
Colloidal Oatmeal,MATYS Baby ECZEMA RELIEF,OINTMENT,.1 g/100g,General
Midodrine Hydrochloride,Midodrine Hydrochloride,TABLET,5 mg/1,General
"Dry Ginger, Glycyrrhiza, Peony Root",HAN SHIN GAMKONAL Extract Granules,GRANULE,1.9 g/3.5g,General
Camphor and Menthol,CBDMEDIC Arthritis Aches and Pain Relief,OINTMENT,100 mg/g,General
"Mineral Oil, Petrolatum, Phenylephrine HCI",Hemorrhoidal,OINTMENT,14 g/100g,General
Acetaminophen,Rugby Childrens Acetaminophen,SUSPENSION,160 mg/5mL,General
Lidocaine 5%,Lidocaine Numbing Cream,CREAM,5 g/100mL,General
"OCTISALATE, OCTOCRYLENE, AVOBENZONE",NAELI Day Moisturizer SPF 30,LOTION,30 mg/mL,General
Diflunisal,Dolobid,"TABLET, FILM COATED",250 mg/1,General
Ezetimibe,Ezetimibe,TABLET,10 mg/1,General
"ZINC OXIDE, TITANIUM DIOXIDE, HOMOSALATE, OCTISALATE, OCTOCRYLENE",Hydrating Camo CC Cream SPF30 Tan 425 N,CREAM,50 mg/g,General
ZINC OXIDE 18.2%,Coola Bare Republic Mineral Face Gel-Lotion SPF 30,LOTION,18.2 g/100mL,General
"Acetaminophen, Ibuprofen",equate dual pain reliever,"TABLET, FILM COATED",250 mg/1,General
Erythromycin Ethylsuccinate,E.E.S 400,TABLET,400 mg/1,General
"Salicylic acid, Wart Remover",Biopure Medicated Wart Remover Strips,PLASTER,.4 g/g,General
ibuprofen,CHILDRENS IBUPROFEN,"TABLET, CHEWABLE",100 mg/1,General
SPF 50,Sunscreen and insect repellent Bull frog,SOLUTION,30 mg/g,General
Fluocinonide,Fluocinonide,CREAM,1 mg/g,General
Cyclobenzaprine hydrochloride,Cyclobenzaprine hydrochloride,"TABLET, FILM COATED",7.5 mg/1,General
CAUSTICUM,CAUSTICUM 200ck,PELLET,200 [hp_C]/1,General
"Acetaminophen, Dextromethorphan HBr, Phenylephrine Hydrochloride",Theraflu Severe Cold Relief Daytime Berry Burst,POWDER,650 mg/1,General
olodaterol respimat inhalation spray,Striverdi Respimat,"SPRAY, METERED",2.5 ug/1,General
"Acetaminophen, Doxylamine Succinate, Dextromethorphan HBr",Multi-Symptom Nighttime Cold and Flu Relief,"CAPSULE, LIQUID FILLED",325 mg/1,General
ALCOHOL,B Pure Moisturizing Hand Sanitizer Sandstone Mist Scented,LIQUID,70 mL/100mL,General
Metoprolol Tartrate,Metoprolol Tartrate,"TABLET, FILM COATED",50 mg/1,General
Glipizide,Glipizide,"TABLET, EXTENDED RELEASE",10 mg/1,General
NICOTINE POLACRILEX MINI,NICOTINE,LOZENGE,2 mg/1,General
"Acid sulph, Apis mell, Arnica mont, Calendula off, Hamamelis, Iodium, Lycopodium, Silicea",Bestmade Natural Products BM146,LIQUID,30 [hp_C]/30[hp_C],General
"AVOBENZONE, Homosalate OCTISALATE,",BROAD SPECTRUM SPF50 SPF 50,GEL,3 g/100mL,General
ZINC OXIDE,Wotnot Naturals Natural Zinc Sunscreen SPF 30,LOTION,250 mg/g,General
TRIENTINE TETRAHYDROCHLORIDE,CUVRIOR,"TABLET, FILM COATED",300 mg/1,General
Emtricitabine and Tenofovir Disoproxil Fumarate,Emtricitabine and Tenofovir Disoproxil Fumarate,"TABLET, FILM COATED",200 mg/1,General
Methyl Salicylate,Methyl Salicylate 25% Cream,CREAM,250 mg/mL,General
Calamine and Pramoxine Hydrochloride,Humco Calagesic,LOTION,10 mg/mL,General
Yuzu Mint Toothpaste Tablets,Tidalove,"TABLET, CHEWABLE",.32 mg/1,General
buprenorphine hydrochloride and naloxone hydrochloride,Zubsolv,"TABLET, ORALLY DISINTEGRATING",5.7 mg/1,General
levothyroxine sodium,Levothyroxine Sodium,CAPSULE,88 ug/1,General
Lac Caninum,Bestmade Natural Products Lac Caninum,"TABLET, SOLUBLE",30 [hp_C]/30[hp_C],General
PRAMOXINE HYDROCHLORIDE,Terramed Just Think Comfort GynoCare BV Guard Intimate Wipes,CLOTH,1 g/100mL,General
"Medulla Ossis Suis, Spleen (Bovine), Thymus (Ovine), Carcinosin, Cytomegalovirus Nosode, Influenzinum (2022-2023), Streptococcus Viridans, Toxoplasma Gondii, Epstein-Bar Virus Nosode",Fatigue Formula,SPRAY,6 [hp_X]/mL,General
Naftifine Hydrochloride,Naftin,GEL,2 g/100g,General
Carboprost Tromethamine,Carboprost Tromethamine,"INJECTION, SOLUTION",250 ug/mL,General
Advanced Hand Sanitizer with Aloe,Advanced Hand Sanitizer with Aloe,GEL,70 mL/100mL,General
dacomitinib,Vizimpro,"TABLET, FILM COATED",15 mg/1,General
Diazepam,Diazepam,INJECTION,5 mg/mL,General
"Sulphur, Curcuma Longa",Dermveda JOCK ITCH,SOLUTION,10 [hp_X]/60mL,General
ZINC OXIDE,Dolce and Gabbana Blueberry Nutri Tint SPF 20 3W Light,EMULSION,67 mg/mL,General
Aluminum chlorohydrate,Old Spice Pure Sport High Endurance Dry,"AEROSOL, SPRAY",24.5 g/100g,General
Bumetanide,Bumetanide,INJECTION,.25 mg/mL,General
"AVOBENZONE, HOMOSALATE, OCTISALATE, OCTOCRYLENE",Rite Aid Ryshi Sunscreen with Hyaluronic Acid and Collagen Broad Spectrum SPF 50,SPRAY,30 mg/g,General
Aspirin,aspirin pain relief,"TABLET, DELAYED RELEASE",325 mg/1,General
SALICYLIC ACID,Sulfur 8 Scalp Therapy Medicated Dandruff Control,SPRAY,20 mg/mL,General
Risperidone,Risperidone,TABLET,4 mg/1,General
Tasimelteon,Tasimelteon,POWDER,1 g/g,General
Aluminum Zirconium Tetrachlorohydrex Gly,Aluminum Zirconium Tetrachlorohydrex Gly,POWDER,1 kg/kg,General
DIPHENHYDRAMINE HYDROCHLORIDE,DIPHENHYDRAMINE HYDROCHLORIDE,CAPSULE,25 mg/1,General
Clomiphene Citrate,Clomiphene Citrate,POWDER,1 g/g,General
Mometasone Furoate,Mometasone Furoate,INHALANT,220 ug/1,General
Cyclobenzaprine Hydrochloride,Cyclobenzaprine Hydrochloride,KIT,N/A,General
Mycophenolate Sodium,Mycophenolate Sodium,POWDER,1 kg/kg,General
CRIIa,CRIIa,"PELLETS, COATED, EXTENDED RELEASE",1 kg/kg,General
Stanozolol,Stanozolol,POWDER,35 kg/35kg,General
ATOMOXETINE HYDROCHLORIDE,ATOMOXETINE HYDROCHLORIDE,POWDER,1 kg/kg,General
Salcaprozate Sodium,Salcaprozate Sodium,POWDER,1 kg/kg,General
Elamipretide (SS-31) Acetate,Elamipretide (SS-31) Acetate,POWDER,100 g/100g,General
DORZOLAMIDE HYDROCHLORIDE,DORZOLAMIDE HYDROCHLORIDE,POWDER,1 g/g,General
"AVOBENZONE, HOMOSALATE, OCTISALATE, OCTOCRYLENE, AND OXYBENZONE",ESTEE LAUDER MULTI-DEFENSE AQUA UV gel BROAD SPECTRUM SPF 50,LOTION,30 mg/mL,General
Advanced Scar Gel,Target Advanced Scar Gel,GEL,5 mg/g,General
DIPHENHYDRAMINE HYDROCHLORIDE,Vicks ZzzQuil Nighttime Sleep-Aid,KIT,N/A,General
ANTIPERSPIRANT DEODORANT ROLL-ON,ZERMAT-PERFECT ANTIPERSPIRANT DEODORANT ROLL-ON FOR MEN,CREAM,7.1 g/71g,General
"Homosalate, Octisalate, Octocrylene, Zinc Oxide",Dear Sun Tone Perfecting SPF Cushion,CREAM,10 g/100g,General
Norixa Mini,Norixa Mini,TABLET,100 mg/1,General
WATER,Sterile Water,INJECTION,1 mL/mL,General
"Camphor, Menthol",Pain Reliever,SPRAY,.2 g/100g,General
ISOPROPYL ALCOHOL,Alcohol Prep Awabs,PATCH,70 mL/100mL,General
GLYCERIN,WART REMOVER,PATCH,.9 mg/180mg,General
"HOMOSALATE, OCTOCRYLENE, OCTISALATE, AVOBENZONE",Poolside Frostbite Sunscreen Coconut SPF 15 Scented Lip Gloss,LIQUID,30 mg/mL,General
Dimethicone 3% VARICOSE VEINS,DERMFREE VARICOSE VEINS,CREAM,3 g/100g,General
Minoxidil,TAGOQHIA 5% Minoxidil Hair Growth Sprays Serum,LIQUID,.5 g/100mL,General
Allantoin,Bed Sore and Wound Healing Cream,CREAM,5 mg/g,General
"Titanium Dioxide, Zinc Oxide",Tinted Mineral Sun Protectant,CREAM,80 mg/g,General
"Titanium Dioxide, Zinc Oxide",Tinted Matte Defense Sunscreen Primer,CREAM,80 mg/g,General
UREA,UREDEX,CREAM,200 mg/g,General
Benzalkonium Chloride,fomin mini Hand Sanitizer Wipes COCO-NILLA BLISS,CLOTH,.1 g/100mL,General
Salicylic Acid,Blemish Blitz Emergency Acne Serum,LIQUID,.01 g/mL,General
"acid phos, cephalandra ind, gynmema syl, momordica charantia, syz jambol",SYZ CEPHALANDRA,LIQUID,1 [hp_X]/mL,General
",Octyl Triazone (ethylhexyl triazone), Bisoctrizole, Diethylhexyl Butamido Triazone, Diethylamino Hydroxybenzoyl Hexyl Benzoate",Calming Days Vegan Sunscreen,GEL,2 g/100mL,General
"Melissa officinalis leaf, Melaleuca alternifolia (Tea Tree) leaf oil, Eucalyptus oil, Coconut oil, Beeswax, Alpha-tocopherol acetate DL-, Flax seed, Argan oil, Grape seed oil, Jojoba oil, Arctium lappa root, Oregano",Sea Jewels Lemon Balm Full Body Salve,SALVE,2.3 g/531.1g,General
potassium chloride,Potassium Chloride,"TABLET, EXTENDED RELEASE",1500 mg/1,General
Methimazole,Methimazole,TABLET,10 mg/1,General
Isopropyl Alcohol,Isopropyl Alcohol,LIQUID,70 mL/100mL,General
Nicotine,Nicotine Patch,PATCH,21 mg/1,General
Titanium Dioxide,bareMinerals BAREPRO Performance Wear Liquid Foundation Broad Spectrum SPF 20 Almond 22,LIQUID,33.2 mg/mL,General
ferumoxytol,ferumoxytol,LIQUID,1 kg/kg,General
DIPHENHYDRAMINE HYDROCHLORIDE,DIPHENHYDRAMINE HYDROCHLORIDE,"CAPSULE, GELATIN COATED",50 mg/21,General
Lomitapide Mesylate,Lomitapide Mesylate,CAPSULE,5 mg/1,General
sumatriptan succinate,sumatriptan succinate,"TABLET, FILM COATED",100 mg/1,General
Alvimopan,Alvimopan,CAPSULE,12 mg/1,General
Vancomycin HCL,Vancomycin HCL,POWDER,1 kg/kg,General
Calcium Carbonate,Calcium Carbonate,POWDER,.95 kg/kg,General
CARVEDILOL,CARVEDILOL,POWDER,1 kg/kg,General
Glipizide,Glipizide,POWDER,1 kg/kg,General
Retatrutide,Retatrutide,POWDER,1 g/g,General
Tapinarof,Tapinarof,POWDER,1 kg/kg,General
Pazopanib Hydrochloride,Pazopanib Hydrochloride,POWDER,75 kg/75kg,General
Rotigotine,Rotigotine,POWDER,1 kg/kg,General
Daclatasvir Dihydrochloride,Daclatasvir Dihydrochloride,POWDER,1 kg/kg,General
Hydrocortisone Hydrogen Succinate,Hydrocortisone Hydrogen Succinate,POWDER,1 kg/kg,General
Clevidipine,Clevidipine,POWDER,1 kg/kg,General
Naltrexone Hydrochloride,Naltrexone Hydrochloride,POWDER,1 g/g,General
Labetalol Hydrochloride,Labetalol Hydrochloride,"TABLET, FILM COATED",300 mg/1,General
"Candida Albicans, Candida Albicans DNA","Candida Albicans, Candida Albicans DNA",LIQUID,500 [hp_X]/mL,General
Desmopressin,Desmopressin,POWDER,85 g/85g,General
Haloperidol,Haloperidol,TABLET,1 mg/1,General
Betamethasone Acetate,Betamethasone Acetate,POWDER,1 kg/kg,General
Cetrorelix acetate,Cetrorelix acetate,POWDER,1 g/g,General
diphenhydramine hydrochloride,Diphenhydramine HCl,SOLUTION,25 mg/10mL,General
QUIZARTINIB DIHYDROCHLORIDE,QUIZARTINIB DIHYDROCHLORIDE,"TABLET, FILM COATED",17.7 mg/1,General
VALBENAZINE DITOSYLATE,VALBENAZINE DITOSYLATE,POWDER,1 kg/kg,General
Acyclovir,Acyclovir,POWDER,1 g/g,General
Tobramycin Sulfate,Tobramycin Sulfate,POWDER,1 g/g,General
FLUTICASONE PROPIONATE,FLUTICASONE PROPIONATE,POWDER,1 kg/kg,General
Finerenone,Finerenone,TABLET,40 mg/1,General
Pyrantel Pamoate,Pyrantel Pamoate,GRANULE,720.5 mg/.0015kg,General
Coola Classic Face Lotion Sunscreen 50mL,Coola Classic Face Lotion Sunscreen 50mL,LOTION,17.5 mg/mL,General
Rabeprazole Sodium,Rabeprazole Sodium,POWDER,1 kg/kg,General
Diltiazem Hydrochloride,Diltiazem Hydrochloride,"CAPSULE, EXTENDED RELEASE",120 mg/1,General
Moxifloxacin Hydrochloride,Moxifloxacin Hydrochloride,POWDER,1 kg/kg,General
HYDROCHLOROTHIAZIDE,HYDROCHLOROTHIAZIDE,POWDER,1 kg/kg,General
TRILACICLIB DIHYDROCHLORIDE,TRILACICLIB DIHYDROCHLORIDE,POWDER,1 kg/kg,General
Sumatriptan Succinate,Sumatriptan Succinate,POWDER,1 kg/kg,General
Betamethasone Dipropionate Micro,Betamethasone Dipropionate Micro,POWDER,1 g/g,General
nitisinone,nitisinone,TABLET,10 mg/1,General
rivaroxaban,rivaroxaban,"GRANULE, FOR SUSPENSION",155 mg/1,General
ERYTHROPOIETIN,ERYTHROPOIETIN,SOLUTION,10000 [iU]/mL,General
Tromethamine,Tromethamine,CRYSTAL,10 kg/10kg,General
Levofolinic Acid Crystalline,Levofolinic Acid Crystalline,POWDER,1 kg/kg,General
Sonidegib Phosphate,Sonidegib Phosphate,POWDER,1 kg/kg,General
Ritonavir,Ritonavir,POWDER,1 kg/kg,General
latanoprost,latanoprost,LIQUID,1 g/g,General
sumatriptan succinate,sumatriptan succinate,"TABLET, FILM COATED",50 mg/1,General
Cyclophosphamide,Cyclophosphamide,POWDER,1 mg/mg,General
Methocarbamol,"Methocarbamol Tablets, USP, 750 mg","TABLET, FILM COATED",750 mg/1,General
Lovastatin,Lovastatin,POWDER,1 kg/kg,General
Oxcarbazepine,Oxcarbazepine,SUSPENSION,300 mg/5mL,General
Eletriptan Hydrobromide,Eletriptan Hydrobromide,POWDER,50 kg/50kg,General
Ibuprofen,Ibuprofen,TABLET,200 mg/1,General
Upadacitinib,Upadacitinib,POWDER,1 kg/kg,General
"Arnica Montana, Bellis Perennis, Matricaria Chamomilla, Ipecac, and Lycopdoium clavatum spore","Arnica Montana, Bellis Perennis, Matricaria Chamomilla, Ipecac, and Lycopdoium clavatum spore",TABLET,30 [hp_C]/1,General
BUMETANIDE,BUMETANIDE,TABLET,.5 mg/1,General
Gonadorelin Acetate,Gonadorelin Acetate,POWDER,1 g/g,General
aflibercept,aflibercept,"INJECTION, SOLUTION",50 mg/mL,General
Exemestrane,Exemestrane,POWDER,1 kg/1,General
Ozenoxacin,Ozenoxacin,POWDER,1 kg/kg,General
ACTH 1-24 (Tetracosactide Acetate),ACTH 1-24 (Tetracosactide Acetate),POWDER,1 g/g,General
trastuzumab,trastuzumab,LIQUID,1 kg/kg,General
aflibercept-jbvf,aflibercept-jbvf,INJECTION,20 mg/.5mL,General
Salmeterol Xinafoate,Salmeterol Xinafoate,POWDER,1 kg/kg,General
IODINE I-131,IODINE I-131,SOLUTION,350 U/mL,General
ALTRENOGEST,ALTRENOGEST,POWDER,1 kg/kg,General
Aripiprazole,Aripiprazole,POWDER,1 kg/kg,General
Atomoxetine Hydrochloride,Atomoxetine Hydrochloride,POWDER,25 kg/25kg,General
Calcium carbonate granulation with maltodextrin and mineral oil,Calcium carbonate granulation with maltodextrin and mineral oil,GRANULE,475 kg/500kg,General
Simvastatin,Simvastatin,"TABLET, FILM COATED",80 mg/1,General
Alprazolam,Alprazolam,"TABLET, EXTENDED RELEASE",1 mg/1,General
Cinacalcet Hydrochloride,Cinacalcet Hydrochloride,POWDER,50 kg/50kg,General
Ketorolac Tromethamine,Ketorolac Tromethamine,POWDER,1 kg/kg,General
Flucytosine,Flucytosine,POWDER,1 kg/kg,General
Stubborn E Relief,TriDerma Stubborn Eczema Itch Relief,CREAM,2 g/100g,General
Divalproex Sodium,Depakote Sprinkles,CAPSULE,125 mg/1,General
"camphor, eucalyptus oil, menthol",Mentholatum Lavender Vaporizing Rub,OINTMENT,53 mg/g,General
CLINDAMYCIN HYDROCHLORIDE,CLINDAMYCIN HYDROCHLORIDE,POWDER,1 g/g,General
Pneumococcal 21-valent Conjugate Vaccine,Pneumococcal 21-valent Conjugate Vaccine,"INJECTION, SOLUTION",65 ug/.5mL,General
Alnus rubra,Red Alder Pollen,SOLUTION,40000 [PNU]/mL,General
Rumex acetosella,Sheep Red Sorrel,SOLUTION,.05 g/mL,General
Ligustrum vulgare,Privet Pollen,SOLUTION,.05 g/mL,General
Everolimus,Everolimus,TABLET,5 mg/1,General
norethindrone acetate and ethinyl estradiol and ferrous fumarate,Finzala,KIT,N/A,General
"Octinoxate, Zinc Oxide",LBEL FOREVER MATTE SHINE CONTROL AND 90H HYDRATION FOUNDATION SPF 15 CACAO 350N,EMULSION,50 mg/g,General
BERBERIS VULGARIS,BERBERIS VULGARIS,PELLET,1 [hp_X]/1,General
Carboxymethylcellulose Sodium Eye Drops 0.5%,Carboxymethylcellulose Sodium Eye Drops 0.5%,FOR SOLUTION,5 mg/mL,General
"Octinoxate, Zinc Oxide, Titanium Dioxide",MISSHA M Perfect Cover BB No.33,CREAM,7.5 g/100mL,General
Isosorbide dinitrate,Isosorbide dinitrate,TABLET,10 mg/1,General
Alendronate Sodium,Alendronate Sodium,TABLET,35 mg/1,General
decitabine,Decitabine,"INJECTION, POWDER, LYOPHILIZED, FOR SOLUTION",50 mg/20mL,General
arteria suis - alpha ketoglutaricum acidum - alpha lipoicum acidum - ascorbicum acidum - barium oxalsuccinicum - bryonia alba - calcarea carbonica - cartilago suis - chlorinum - cimicifuga racemosa - colchicum autumnale - dulcamara - embryo suis - funiculus umbilicalis suis - glandula suprarenalis suis - nadidum - natrum oxalaceticum - natrum sulphuricum - placenta totalis suis - rhus toxicodendron - sulphur- vena suis -,GUNA ARTHRO RELIEF,SOLUTION/ DROPS,3 [hp_X]/30mL,General
Prednisolone Sodium Phosphate,Prednisolone Sodium Phosphate,SOLUTION,15 mg/5mL,General
Ibuprofen,Ibuprofen,"TABLET, COATED",200 mg/1,General
Loratadine,All Day Allergy Relief,TABLET,10 mg/1,General
Dermatophagoides pteronyssinus,Standardized Mite Dermatophagoides pteronyssinus,CONCENTRATE,5000 [AU]/mL,General
Donepezil Hydrochloride,Donepezil Hydrochloride,"TABLET, FILM COATED",10 mg/1,General
Atorvastatin calcium,Atorvastatin calcium,TABLET,20 mg/1,General
Benzalkonium Chloride Liquid,Softsoap Antibacterial Kitchen Fresh Hands,LIQUID,1.33 mg/mL,General
Fenofibrate,Fenofibrate,"TABLET, FILM COATED",54 mg/1,General
Ferumoxytol,FeraBright,INJECTION,30 mg/mL,General
ACYCLOVIR,ACYCLOVIR,TABLET,800 mg/1,General
gepirone,EXXUA,"TABLET, EXTENDED RELEASE",72.6 mg/1,General
OXYGEN,OXYGEN,GAS,99 L/100L,General
daptomycin,daptomycin,"INJECTION, POWDER, LYOPHILIZED, FOR SOLUTION",50 mg/mL,General
Zinc OXide,Burts Bees Calming Day SPF30,LOTION,16.9 g/100g,General
doxycycline,doxycycline,CAPSULE,100 mg/1,General
Guanfacine,Guanfacine,"TABLET, EXTENDED RELEASE",1 mg/1,General
Phenylephrine HCl,Sinus Decongestion PE,"TABLET, FILM COATED",10 mg/1,General
ZINC OXIDE,DAILY SUNSCREEN BROAD SPECTRUM SPF 30,CREAM,155 mg/mL,General
Furosemide,Furosemide,"INJECTION, SOLUTION",10 mg/mL,General
Losartan Potassium,Losartan Potassium,"TABLET, FILM COATED",100 mg/1,General
Germanium Oxydatum,Germanium Oxydatum,PELLET,1 [hp_M]/1,General
Aluminium Bromatum,Aluminium Bromatum,PELLET,200 [hp_C]/1,General
Gallium Metallicum,Gallium Metallicum,PELLET,500 [hp_C]/1,General
Divalproex Sodium,Divalproex Sodium,PELLET,100 [hp_C]/1,General
Zirconium Fluoratum,Zirconium Fluoratum,PELLET,100 [hp_C]/1,General
Calcarea Iodata,Calcarea Iodata,PELLET,200 [hp_C]/1,General
oxymetazoline hydrochloride,Topcare Nasal,SPRAY,.05 g/100mL,General
calcium carbonate,Topcare Antacid Calcium,"TABLET, CHEWABLE",1000 mg/1,General
Cinnabaris,Cinnabaris,PELLET,200 [hp_C]/1,General
Copaiva Officinalis,Copaiva Officinalis,PELLET,100 [hp_C]/1,General
Graphites,Graphites,PELLET,100 [hp_C]/1,General
Cobaltum Carbonicum,Cobaltum Carbonicum,PELLET,200 [hp_C]/1,General
Selenium Metallicum,Selenium Metallicum,PELLET,12 [hp_C]/1,General
Sodium Fluoride,PreviDent 5000 Plus Fruitastic,"PASTE, DENTIFRICE",11 mg/g,General
Zinc Oxide,Boudreauxs,CREAM,40 g/113g,General
Rheum Officinale,Rheum Officinale,PELLET,30 [hp_C]/1,General
Crocus Sativus,Crocus Sativus,PELLET,6 [hp_C]/1,General
Xanthoxylum Fraxineum,Xanthoxylum Fraxineum,PELLET,6 [hp_C]/1,General
tirzepatide,ZEPBOUND,"INJECTION, SOLUTION",12.5 mg/.5mL,General
Aluminum Acetate,ZO Skin Health Astringent Solution,POWDER,4866 mg/6g,General
Cefazolin,Cefazolin,"INJECTION, POWDER, FOR SOLUTION",10 g/1,General
Piroxicam,PIROXICAM,CAPSULE,10 mg/1,General
Milrinone Lactate in Dextrose,Milrinone Lactate in Dextrose,"INJECTION, SOLUTION",200 ug/mL,General
Niobium Oxydatum,Niobium Oxydatum,PELLET,30 [hp_C]/1,General
Pulsatilla Nigricans,Pulsatilla Nigricans,PELLET,12 [hp_C]/1,General
"AVOBENZONE, HOMOSALATE, OCTISALATE, OCTOCRYLENE",HEB SPF 50 Strawberry Daquiri Scented Continuous Sunscreen,SPRAY,30 mg/g,General
"Guaifenesin, Dextromethorphan HBr",Mucus Relief DM,"TABLET, EXTENDED RELEASE",30 mg/1,General
PROMETHAZINE HYDROCHLORIDE,PROMETHAZINE HYDROCHLORIDE,"INJECTION, SOLUTION",50 mg/mL,General
ibuprofen,equaline childrens ibuprofen,"TABLET, CHEWABLE",100 mg/1,General
DIPHENHYDRAMINE HYDROCHLORIDE,ALLERGY,"TABLET, FILM COATED",25 mg/1,General
levocetirizine dihydrochloride,Allergy Relief,"TABLET, FILM COATED",5 mg/1,General
Calcium carbonate,Publix Extra Strength Tropical Fruit,"TABLET, CHEWABLE",750 mg/1,General
Epinephrine in Sodium Chloride,Adrenalin (epinephrine in sodium chloride),INJECTION,20 ug/mL,General
Potassium Chloride,Potassium Chloride,"CAPSULE, EXTENDED RELEASE",750 mg/1,General
"AVOBENZONE, HOMOSALATE, OCTISALATE, and OXYBENZONE",LAB SERIES DAY RESCUE DEFENSE BROAD SPECTRUM SPF 35,LOTION,.03 g/mL,General
Aspirin,Aspirin,"TABLET, DELAYED RELEASE",325 mg/1,General
"butalbital, acetaminophen and caffeine","butalbital, acetaminophen and caffeine",TABLET,325 mg/1,General
"Trifolium Pratense, Petroleum, Phytolacca Decandra, Arsenicum Album, Chelidonium Majus, Lycopodium Clavatum, Nux Vomica, Phosphoricum Acidum, Phosphorus, Nitricum Acidum",Additivestat,LIQUID,12 [hp_X]/mL,General
tazarotene,TAZAROTENE,GEL,1 mg/g,General
nicardipine hydrochloride,Cardene IV,"INJECTION, SOLUTION",.2 mg/mL,General
amlodipine and valsartan,AMLODIPINE AND VALSARTAN,TABLET,10 mg/1,General
"OCTINOXATE, TITANIUM DIOXIDE, and ZINC OXIDE",SULWHASOO PERFECTING CUSHION NO. 25,LOTION,2.1 g/30g,General
Lisinopril,LISINOPRIL,TABLET,30 mg/1,General
HYDROXYCHLOROQUINE SULFATE,HYDROXYCHLOROQUINE SULFATE,"TABLET, FILM COATED",100 mg/1,General
eltrombopag,eltrombopag,"TABLET, FILM COATED",50 mg/1,General
"Asclepias Vincetoxicum, Echinacea (Angustifolia), Hypothalamus (Suis), Cerebrum Suis, Hepar Suis, Kidney (Suis), Methylcobalamin, Pancreas Suis, Stomach (Suis), AACG-A, AACG-B, Calcarea Carbonica, Gelsemium Sempervirens, Graphites, Nux Vomica, Phytolacca Decandra, Gambogia, 7-Oxo-Dehydroepiandrosterone 3-Acetate, Adenosinum Triphosphoricum Dinatrum, Insulinum (Suis), Sarcolacticum Acidum, Proteus (Vulgaris)",HA2CG Evolution,LIQUID,30 [hp_X]/mL,General
"Aconitum Napellus, Anacardium Orientale, Angelica Sinensis, Argentum Nitricum, Arsenicum Album, Cacao, Calcarea Carbonica, Clematis Vitalba, Flos, Cocculus Indicus, Gelsemium Sempervirens, Glandula Suprarenalis Suis, Helianthemum Nummularium, Flos, Ignatia Amara, Impatiens Glandulifera, Flos, Lithium Carbonicum, Ornithogalum Umbellatum, Flos, Passiflora Incarnata, Piper Methysticum, Prunus Cerasifera, Flos, Valeriana Officinalis",AnXious,LIQUID,12 [hp_X]/mL,General
CLEMATIS VITALBA FLOWER,BIO CLEMATIS,LIQUID,6 [hp_X]/mL,General
reconstituted Air,reconstituted Air,GAS,210 mL/L,General
"Echinacea (Angustifolia), Uva-Ursi, Baptisia Tinctoria, Convallaria Majalis, Kali Muriaticum, Pinus Sylvestris, Thuja Occidentalis, Bryonia, Crotalus Horridus, Lachesis Mutus, Selenium Metallicum, Viscum Album",WINTER BLEND,LIQUID,1 [hp_X]/mL,General
Mirtazapine,Mirtazapine,"TABLET, FILM COATED",30 mg/1,General
Lovastatin,Lovastatin,TABLET,20 mg/1,General
Metoprolol Tartrate,Metoprolol Tartrate,"TABLET, FILM COATED",25 mg/1,General
"Methyl Salicylate, Capsaicin, and Menthol",NEW TEROCIN,LOTION,.025 g/100mL,General
Carbamazepine,Carbamazepine,"TABLET, FILM COATED, EXTENDED RELEASE",100 mg/1,General
paliperidone,paliperidone,"TABLET, EXTENDED RELEASE",1.5 mg/1,General
Isopropyl Alcohol,EcoCare 350,SOLUTION,80 mL/100mL,General
"ACETAMINOPHEN,CHLORPHENIRAMINE MALEATE, PHENYLEPHRINE HYDROCHLORIDE",Otis Clapp Valihist,"TABLET, FILM COATED",325 mg/1,General
levetiracetam,Levetiracetam,"TABLET, FILM COATED",500 mg/1,General
Nervus Vagus 6X,Nervus Vagus 6X,LIQUID,6 [hp_X]/mL,General
Loperamide HCl,Anti Diarrheal,TABLET,2 mg/1,General
APIS MELLIFERA,Apis mellifica,PELLET,30 [hp_X]/30[hp_X],General
DIPHENHYDRAMINE HYDROCHLORIDE,DIPHENHYDRAMINE HYDROCHLORIDE,"TABLET, COATED",25 mg/1,General
ARSENIC TRIOXIDE,Arsenicum album,PELLET,5 [hp_C]/5[hp_C],General
"OCTISALATE, TITANIUM DIOXIDE",PARURE GOLD SKIN MATTE FOUNDATION NO-TRANSFER HIGH PERFECTION 24H CARE AND WEAR INFUSED WITH 24K GOLD AND WHITE PEONY WITH SUNSCREEN BROADSPECTRUM SPF 15 3.5N,EMULSION,35 mg/mL,General
"AVOBENZONE, HOMOSALATE, OCTISALATE and OCTOCRYLENE",Garnier green labs Pore Perfecting CannaB Serum Broad Spectrum SPF 30 Sunscreen,CREAM,30 mg/mL,General
Cephalexin,Cephalexin,CAPSULE,500 mg/1,General
levothyroxine sodium,Levothyroxine Sodium,TABLET,25 ug/1,General
Mucus Relief DM,Mucus Relief DM Immediate Release,TABLET,20 mg/1,General
MENTHOL,North Star Nutritionals Soothanol X3 Pain Relieving Drops,LIQUID,130 mg/mL,General
PYRITHIONE ZINC,CONTROL Dandruff- Free Beard Wash,SHAMPOO,10 mg/mL,General
Ramipril,Ramipril,CAPSULE,10 mg/1,General
Doxycycline hyclate,Doxycycline hyclate,CAPSULE,50 mg/1,General
Levothyroxine Sodium,Levothyroxine Sodium,TABLET,50 ug/1,General
Valacyclovir Hydrochloride,Valacyclovir Hydrochloride,"TABLET, FILM COATED",500 mg/1,General
SOLANUM DULCAMARA TOP,Dulcamara,PELLET,200 [kp_C]/200[kp_C],General
Glimepiride,Glimepiride,TABLET,2 mg/1,General
Levothyroxine sodium,Levothyroxine sodium,TABLET,112 ug/1,General
Carvedilol,Carvedilol,"TABLET, FILM COATED",6.25 mg/1,General
spesolimab,SPEVIGO,INJECTION,60 mg/mL,General
bevacizumab,Avastin,"INJECTION, SOLUTION",100 mg/4mL,General
Indomethacin,Indomethacin,CAPSULE,25 mg/1,General
"benzalkonium chloride, lidocaine",First Aid and Burn,CREAM,.13 g/100g,General
brivaracetam,Briviact,"TABLET, FILM COATED",100 mg/1,General
Docusate Sodium,Docusate Sodium softgels 50mg (Dye Free),"CAPSULE, LIQUID FILLED",50 mg/1,General
EUPHRASIA STRICTA,Euphrasia officinalis,PELLET,30 [hp_X]/30[hp_X],General
pyridostigmine bromide,pyridostigmine bromide,TABLET,60 mg/1,General
GUANFACINE,GUANFACINE,"TABLET, EXTENDED RELEASE",4 mg/1,General
Bismuth subsalicylate,Guardian Pink-Bismuth Cherry,"TABLET, CHEWABLE",262 mg/1,General
Docusate Sodium 250mg,Prolaxa,"CAPSULE, LIQUID FILLED",250 mg/1,General
AMLODIPINE BESYLATE,AMLODIPINE BESYLATE,TABLET,5 mg/1,General
Medroxyprogesterone Acetate,Medroxyprogesterone Acetate,TABLET,10 mg/1,General
LORATADINE,Dye-Free Childrens Loratadine,"TABLET, CHEWABLE",5 mg/1,General
LIDOCAINE HCl AND EPINEPHRINE,LIDOCAINE HCl AND EPINEPHRINE,"INJECTION, SOLUTION",10 ug/mL,General
tretinoin,Tretinoin,CREAM,.5 mg/g,General
Darifenacin Hydrobromide,Darifenacin,"TABLET, EXTENDED RELEASE",7.5 mg/1,General
ustekinumab-aekn,Ustekinumab-aekn,"INJECTION, SOLUTION",45 mg/.5mL,General
Everolimus tablets,Everolimus,TABLET,1 mg/1,General
"Polyethylene Glycol 3350, Sodium Sulfate Anhydrous, Sodium Bicarbonate, Sodium Chloride, Potassium Chloride",GoLYTELY,"POWDER, FOR SOLUTION",236 g/4L,General
SPIRONOLACTONE,SPIRONOLACTONE,"TABLET, FILM COATED",50 mg/1,General
Hepar (Liver) 30X,Hepar (Liver) 30X,LIQUID,30 [hp_X]/30mL,General
Acetaminophen,Pain Relief,"TABLET, COATED",500 mg/1,General
SULFUR,GOODBYE ACNE THERAPEUTIC SULFUR MASK,PASTE,14.458 g/144.58g,General
Benzalkonium Chloride,Dial Foaming Antibacterial Defense Hand Wash Linen and Lily,SOLUTION,.13 g/100mL,General
LIDOCAINE HYDROCHLORIDE,TattooNumb,CREAM,4 g/100g,General
alcohol,Walgreens Hand Sanitizer watermelon,SPRAY,70 mL/100mL,General
Pravastatin sodium,Pravastatin sodium,TABLET,20 mg/1,General
SODIUM CARBONATE,Natrum carbonicum,PELLET,200 [kp_C]/200[kp_C],General
"SODIUM PHOSPHATE, DIBASIC, HEPTAHYDRATE",Natrum phosphoricum,PELLET,6 [hp_C]/6[hp_C],General
levothyroxine sodium,Levothyroxine Sodium,TABLET,150 ug/1,General
Benzocaine,Alpha-Caine Topical Anesthetic,GEL,200 mg/g,General
Lidicaine,Promescent,SPRAY,10 g/100g,General
Ostreae Concha,KOREA CALCIUM KING,TABLET,.76 mg/1,General
"Bacitracin Zinc, Neomycin Sulfate, and POLYMYXIN B SULFATE",Triple Antibiotic,OINTMENT,400 [iU]/g,General
"Aconitum nap., Apis mel., Arnica, Arsenicum alb., Belladonna, Bellis, Bryonia, Calendula, Chamomilla, Cistus canadensis, Ferrum phosphoricum, Histaminum hydrochloricum, Hypericum, Ignatia, Mezereum, Ornithogalum, Passiflora, Phosphorus, Prunus spin., Rhus toxicodendron, Sarcolacticum ac., Sulphur, Veratrum alb., Valeriana.",Panic Button,LIQUID,15 [hp_X]/mL,General
Methyl Salicylate,Ubredol,OINTMENT,10 g/100g,General
"Acetaminophen, Chlorpheniramine maleate, Dextromethorphan HBr, Guaifenesin, Phenylephrine HCl",Cold and Flu Severe Day Time / Night Time,KIT,N/A,General
Loratadine,childrens allergy,SOLUTION,5 mg/5mL,General
Fluconazole,Fluconazole,TABLET,150 mg/1,General
Salicylic Acid,XtraCare Dandruff Hair Wash,SHAMPOO,10 g/325g,General
Propylene Glycol,OneDrop,LIQUID,.6 g/100mL,General
"Helianthemum nummularium flower, Clematis vitalba flower, Impatiens glandulifera flower, Prunus cerasifera flower, and ORNITHOGALUM UMBELLATUM WHOLE",Rescue Remedy Dropper,SOLUTION,5 [hp_X]/.095mL,General
Isopropyl Alcohol,70% ISOPROPYL RUBBING ALCOHOL WITH WINTERGREEN,LIQUID,70 mL/100mL,General
"naja naja venom, grindelia hirsutula flowering top, and lachesis muta venom",D-22,SOLUTION/ DROPS,4 [hp_X]/mL,General
"MARSDENIA CUNDURANGO WHOLE, DIBASIC POTASSIUM PHOSPHATE, and LYCOSA TARANTULA",AM-1,SOLUTION,8 [hp_X]/mL,General
OCTINOXATE and TITANIUM DIOXIDE,SHISEIDO SYNCHRO SKIN SELF-REFRESHING FOUNDATION 460 TOPAZ,EMULSION,1.69 g/30mL,General
OXYGEN,OXYGEN,GAS,99 L/100L,General
"ZINC OXIDE, OCTISALATE, and OCTOCRYLENE",BABYGANICS SPF 50 Plus SUNSCREEN,SPRAY,50 mg/mL,General
"Avobenzone, Homosalate, Octisalate, Octocrylene",cle de peau BEAUTE UV PROTECTIVE N,CREAM,1.7825 g/50mL,General
caffeine,caffeine,TABLET,200 mg/1,General
brexpiprazole,Rexulti,TABLET,1 mg/1,General
Sodium Fluoride,Anticavity,RINSE,.1 mg/mL,General
NORETHINDRONE,Emzahh,TABLET,.35 mg/1,General
VERATRUM VIRIDE ROOT,VERATRUM VIRIDE,PELLET,200 [kp_C]/200[kp_C],General
WYETHIA HELENIOIDES ROOT,Wyethia helenioides,PELLET,6 [hp_C]/1,General
alprazolam,Alprazolam XR,"TABLET, EXTENDED RELEASE",3 mg/1,General
Fluoride,CVS Pharmacy Enamel Guard,"PASTE, DENTIFRICE",5 g/100g,General
dexamethasone,dexamethasone,TABLET,2 mg/1,General
paroxetine hydrochloride,PAROXETINE,"TABLET, FILM COATED",20 mg/1,General
Clorazepate Dipotassium,Clorazepate Dipotassium,TABLET,15 mg/mg,General
Atomoxetine,Atomoxetine,CAPSULE,40 mg/1,General
Oxcarbazepine,Oxcarbazepine,"TABLET, FILM COATED",150 mg/1,General
Ergocalciferol,Ergocalciferol,"CAPSULE, LIQUID FILLED",1.25 mg/1,General
ALCOHOL,Simple Hygiene foaming hand Sanitizer 62,LIQUID,.62 mL/mL,General
Olanzapine pamoate,ZYPREXA Relprevv,KIT,N/A,General
"Octinoxate, Titanium Dioixide, Octisalate",No7 Perfect and Perfect Advanced All in One Foundation SPF 50 Honey,CREAM,6.5 g/30g,General
OXYCODONE HYDROCHLORIDE,OXYCODONE HYDROCHLORIDE,TABLET,5 mg/1,General
CYTARABINE,CYTARABINE,"INJECTION, SOLUTION",20 mg/mL,General
"OCTISALATE, TITANIUM DIOXIDE",FOREVER Transfer-proof - 24h foundation High perfection Concentrated floral skincare with sunscreen Broad spectrum SPF 15 5W,EMULSION,35 mg/mL,General
Sunscreen,Arizona Sun Sunscreen Water Resistant SPF 30,LOTION,30 mg/g,General
"Myrtus communis, Apis mellifica, Argentum metallicum",Unda 26,LIQUID,4 [hp_X]/20mL,General
Dimethicone,Life is healed Daily Moisturizing,LOTION,12 mg/mL,General
Benazepril Hydrochloride,Benazepril Hydrochloride,"TABLET, COATED",20 mg/1,General
Topiramate,Topiramate,TABLET,25 mg/1,General
Primidone,Primidone,TABLET,50 mg/1,General
Methylprednisolone,Methylprednisolone,TABLET,32 mg/1,General
ZINC OXIDE,Badger Active SPF 30 Mineral Sunscreen,CREAM,18.75 g/100mL,General
lamotrigine,lamotrigine,"TABLET, FOR SUSPENSION",25 mg/1,General
Asenapine,Asenapine,TABLET,2.5 mg/1,General
Marshelder Burweed,IVA XANTHIFOLIA POLLEN,"INJECTION, SOLUTION",.05 g/mL,General
Olive Pollen,OLEA EUROPAEA POLLEN,"INJECTION, SOLUTION",.05 g/mL,General
MIXED RAGWEED,MIXED RAGWEED,"INJECTION, SOLUTION",.1 g/mL,General
simthicone,Little Remedies Gas Relief Drops,LIQUID,20 mg/.3mL,General
Hysteria Drops,Hysteria Drops 2119,LIQUID,6 [hp_X]/59mL,General
gabapentin,gabapentin,CAPSULE,100 mg/1,General
Rhus toxicodendron,Rhus toxicodendron 7132,LIQUID,6 [hp_X]/29.5mL,General
MENTHOL,Cherry Throat Drops,LOZENGE,1.4 mg/1,General
Magnesium Citrate,citroma,LIQUID,1.745 g/29.6mL,General
Benzalkonium chloride,Saniclean,SOAP,.14 g/100mL,General
benzoyl peroxide,Differin Daily Deep Cleanser with BPO,SOLUTION,5 g/100mL,General
Hydrocodone Bitartrate and Acetaminophen,Hydrocodone Bitartrate and Acetaminophen,TABLET,325 mg/1,General
OCTREOTIDE ACETATE,Octreotide,"INJECTION, SOLUTION",1000 ug/mL,General
Melphalan Hydrochloride,Melphalan,KIT,N/A,General
TRASTUZUMAB,HERZUMA,"INJECTION, POWDER, LYOPHILIZED, FOR SOLUTION",150 mg/7.15mL,General
Aralia Racemosa,Aralia Racemosa,PELLET,100 [hp_C]/1,General
Aurum Muriaticum,Aurum Muriaticum,PELLET,6 [hp_C]/1,General
Bryonia Alba,Bryonia Alba,PELLET,1 [hp_Q]/1,General
Aethusa cynapium,Aethusa cynapium,PELLET,100 [hp_C]/1,General
cyclobenzaprine hydrochloride,Cyclobenzaprine Hydrochloride,"TABLET, FILM COATED",5 mg/1,General
Zolpidem tartrate,Zolpidem tartrate,"TABLET, EXTENDED RELEASE",6.25 mg/1,General
olmesartan medoxomil,olmesartan medoxomil,"TABLET, FILM COATED",40 mg/1,General
Oxycodone Hydrochloride,Oxycodone Hydrochloride,TABLET,30 mg/1,General
Hydrocodone Bitartrate and Acetaminophen,Hydrocodone Bitartrate and Acetaminophen,TABLET,325 mg/1,General
Valacyclovir Hydrochloride,Valacyclovir Hydrochloride,"TABLET, FILM COATED",500 mg/1,General
Tenofovir Disoproxil Fumarate,Tenofovir Disoproxil Fumarate,"TABLET, FILM COATED",150 mg/1,General
"Arsenicum Iodatum, Kali Bromatum, Kali Muriaticum, Natrum Bromatum, Niccolum Sulphuricum, Sulphur Iodatum, Viola Tricolor, Zincum Bromatum.",Eczema Relief,LIQUID,8 [hp_X]/59mL,General
MOXIFLOXACIN HYDROCHLORIDE,Moxifloxacin,"INJECTION, SOLUTION",400 mg/250mL,General
doxycycline,Doxycycline,TABLET,150 mg/1,General
Benralizumab,FASENRA,"INJECTION, SOLUTION",30 mg/mL,General
Aluminum Zirconium Tetrachlorohydrex GLY,Degree Clinical Sheer Powder Antiperspirant and Deodorant,STICK,20 g/100g,General
Advanced Vanilla and Jasmine 72H Antiperspirant Deodorant,Degree,STICK,16 g/100g,General
Advanced Care Invisible Sheer Fresh Antiperspirant Deodorant,Dove,STICK,11.4 g/100g,General
isoniazid,Isoniazid,TABLET,100 mg/1,General
"Standardized Grass Pollen, Redtop","Standardized Grass Pollen, Redtop","INJECTION, SOLUTION",10000 [BAU]/mL,General
"Potato, White Solanum tuberosum","Food - Plant Source, Potato, White Solanum tuberosum","INJECTION, SOLUTION",.1 g/mL,General
Levetiracetam in Sodium Chloride,Levetiracetam,INJECTION,1500 mg/100mL,General
Iced Pear SPF 15 Broad Spectrum Lip Balm,Iced Pear SPF 15 Broad Spectrum Lip Balm,STICK,.09 g/4.25g,General
Temozolomide,Temozolomide,CAPSULE,250 mg/1,General
SODIUM CHLORIDE,Sodium chloride,"INJECTION, SOLUTION",9 mg/mL,General
"Dextromethorphan hydrobromide, Guaifenesin, Phenylephrine hydrochloride",Giltuss Childrens Cough and Cold,SOLUTION,7.5 mg/2.5mL,General
Cetirizine Hydrochloride,Childrens Cetirizine Hydrochloride,SOLUTION,5 mg/5mL,General
Polymyxin B Sulfate and Trimethoprim Sulfate,Polymyxin B Sulfate and Trimethoprim,SOLUTION/ DROPS,10000 [USP'U]/mL,General
Lisinopril and Hydrochlorothiazide Tablets,Lisinopril and Hydrochlorothiazide,TABLET,25 mg/1,General
cyclobenzaprine hydrochloride,CYCLOBENZAPRINE HYDROCHLORIDE,"TABLET, FILM COATED",10 mg/1,General
Sucralfate,Sucralfate,TABLET,1 g/1,General
"acetaminophen, aspirin, caffeine tablet","Extra Strength Headache, Caseys 4good",TABLET,250 mg/1,General
dexmethylphenidate hydrochloride,Focalin XR,"CAPSULE, EXTENDED RELEASE",15 mg/1,General
Benzalkonium Chloride,Zep Mild Antibacterial,LIQUID,.13 g/100mL,General
Methocarbamol Tablets,Methocarbamol,"TABLET, COATED",500 mg/1,General
"Menthol, unspecified form",Cold Therapy Pain Relief,GEL,36 mg/mL,General
isosorbide mononitrate,isosorbide mononitrate,TABLET,10 mg/1,General
Acetaminophen,Pain Reliever Extra Strength,"TABLET, FILM COATED",500 mg/1,General
articaine hydrochloride and epinephrine bitartrate,Articaine HCl and Epinephrine,INJECTION,40 mg/mL,General
MECLIZINE,MECLIZINE HYDROCHLORIDE,TABLET,12.5 mg/1,General
Nicotine Polacrilex,Nicotine,"GUM, CHEWING",2 mg/1,General
Quetiapine,Quetiapine,"TABLET, FILM COATED",25 mg/1,General
zoledronic acid,Zoledronic acid,INJECTION,4 mg/5mL,General
"Calc carb, Nux vom, Sepia, Spongia, Sulphur",Hormoslim,SPRAY,30 [hp_C]/59mL,General
Eszopiclone,Eszopiclone,"TABLET, FILM COATED",3 mg/1,General
Tetrahydrozoline HCI,Walgreens Eye Drops Original 15mL and twin pack,SOLUTION/ DROPS,.05 g/100mL,General
diclofenac sodium,arthritis pain relieving,GEL,10 mg/g,General
Triamcinolone Acetonide,Triamcinolone Acetonide,OINTMENT,1 mg/g,General
Atorvastatin Calcium,Atorvastatin Calcium,"TABLET, FILM COATED",10 mg/1,General
Deferoxamine mesylate,Deferoxamine mesylate,"INJECTION, POWDER, LYOPHILIZED, FOR SOLUTION",2 g/1,General
Mirtazapine,Mirtazapine,"TABLET, FILM COATED",30 mg/1,General
amantadine hydrochloride,amantadine hydrochloride,CAPSULE,100 mg/1,General
pegvaliase-pqpz,Palynziq,"INJECTION, SOLUTION",2.5 mg/.5mL,General
Clobetasol Propionate,Clobetasol Propionate,LOTION,.05 g/100mL,General
Cetirizine Hydrochloride,CABINET Allergy Relief,"TABLET, FILM COATED",10 mg/1,General
Sodium Fluoride,Gelato Neutral pH,GEL,4.086 g/454g,General
Ursodiol,Ursodiol,TABLET,500 mg/1,General
Salicylic Acid,Clarifying Bacne,SPRAY,1 g/100mL,General
Povidone-Iodine,McKesson PVP Prep Solution,LIQUID,1 mg/10mL,General
Aminocaproic Acid,Aminocaproic Acid,TABLET,1000 mg/1,General
Hydrocortisone,Gerigentle,CREAM,10 mg/g,General
Sodium Citrate dihydrate,CVS Health Nausea Relief,"TABLET, CHEWABLE",230 mg/1,General
docusate sodium and sennosides,Stool Softener Plus Stimulant Laxative,TABLET,50 mg/1,General
"ACETAMINOPHEN, DEXTROMETHORPHAN HBr, PHENYLEPHRINE HCl",Multi Symptom Wal Flu Severe Cold,"POWDER, FOR SOLUTION",500 mg/1,General
"Homosalate, Octisalate, Zinc Oxide",Always Liquid Foundation Makeup Sunscreen Broad Spectrum SPF 15 - Soft Ivory,LIQUID,4.25 g/100mL,General
"AVOBENZONE, HOMOSALATE, OCTISALATE, OCTOCRYLENE",Sun Bum 15 Premium Moisturizing Sunscreen 6 OZ,LOTION,20 mg/mL,General
"PREGABALIN capsules, CV","PREGABALIN capsules, CV",CAPSULE,225 mg/1,General
"ESTERIFIED ESTROGENS, METHYLTESTOSTERONE",ESTERIFIED ESTROGENS AND METHYLTESTOSTERONE,TABLET,.625 mg/1,General
Ciprofloxacin Hydrochloride,Ciprofloxacin Hydrochloride,"TABLET, FILM COATED",500 mg/1,General
Diphenhydramine HCl Tablets,Sleep Tabs For Nighttime use,TABLET,25 mg/1,General
CLOBAZAM,CLOBAZAM,TABLET,10 mg/1,General
Zinc Acetate and Pramoxine Hydrochloride,Harris Teetter Calagesic,LOTION,10 mg/mL,General
Aluminum Zirconium Tetrachlorohydrex Gly,Secret Cocoa Butter Invisible,STICK,15 g/100g,General
Stannous Fluoride,Crest Braces Care Cavity Protection,"PASTE, DENTIFRICE",1.4 mg/g,General
Hydroxyzine Hydrochloride Oral,Hydroxyzine Hydrochloride,SOLUTION,10 mg/5mL,General
ISOPROPYL ALCOHOL,Kentex Alcohol Prep Pad Saturated with Isopropyl Alcohol,LIQUID,70 mL/100mL,General
Tobramycin and Dexamethasone,Tobramycin and Dexamethasone,SUSPENSION/ DROPS,1 mg/mL,General
Citalopram,Citalopram,"TABLET, FILM COATED",20 mg/1,General
levofloxacin,levofloxacin,"TABLET, FILM COATED",500 mg/1,General
"CAMPHOR (SYNTHETIC), MENTHOL",SMOOTH GATOR 60-second Pain Relief,CREAM,30 mg/g,General
Zinc Oxide,5-IN-1 TINTED FACE SUNSCREEN - MEDIUM,CREAM,200 mg/g,General
"Avobenzone, Homosalate, Octisalate, Octocrylene",Neutrogena Invisible Daily Defense Sunscreen Body SPF 60 plus,"AEROSOL, SPRAY",30 mg/g,General
MAGNESIUM SULFATE,Epsom Salt,CRYSTAL,1 g/g,General
nicotine polacrilex,Maxi Nicotine,LOZENGE,4 mg/1,General
Ethyl Alcohol,"Smart Care 3 HAND SANITIZERS 1.35 FL OZ (OCEAN, CEDAR and CYPRESS, SANDALWOOD)",KIT,N/A,General
estradiol,Estradiol,PATCH,.0375 mg/d,General
ACETAMINOPHEN,ACETAMINOPHEN,TABLET,500 mg/1,General
Milrinone Lactate,Milrinone Lactate,"INJECTION, SOLUTION",1 mg/mL,General
atovaquone and proguanil hydrochloride,Atovaquone and Proguanil Hydrochloride,"TABLET, FILM COATED",62.5 mg/1,General
metoprolol tartrate,Metoprolol Tartrate,"TABLET, FILM COATED",75 mg/1,General
Lisinopril,Lisinopril,TABLET,10 mg/1,General
Warfarin,Warfarin Sodium,TABLET,3 mg/1,General
Trazodone Hydrochloride,Trazodone Hydrochloride,TABLET,100 mg/1,General
limonene,Purifying Balance Soothing Peeling Pad,LIQUID,.00185573 g/100mL,General
MORPHINE SULFATE,MORPHINE SULFATE,"TABLET, EXTENDED RELEASE",200 mg/1,General
"Dextroamphetamine Saccharate, Amphetamine Aspartate Monohydrate, Dextroamphetamine Sulfate, Amphetamine Sulfate",Mixed Salts of a Single Entity Amphetamine Product XR,"CAPSULE, EXTENDED RELEASE",5 mg/1,General
"Eucalyptol, Menthol, Methyl salicylate, Thymol","Eucalyptol, Menthol, Methyl salicylate, Thymol",MOUTHWASH,.92 mg/mL,General
Cetylpyridinium Chloride,GuruNanda Healthy Gums,MOUTHWASH,1 mg/mL,General
Venlafaxine Hydrochloride,Venlafaxine Hydrochloride,"CAPSULE, EXTENDED RELEASE",37.5 mg/1,General
